cve_ent,state_name,year,governor,governor_party,political_alignment_morena
01,Aguascalientes,2019,Martín Orozco Sandoval,PAN,0
01,Aguascalientes,2020,Martín Orozco Sandoval,PAN,0
01,Aguascalientes,2021,Martín Orozco Sandoval,PAN,0
01,Aguascalientes,2022,Martín Orozco Sandoval,PAN,0
01,Aguascalientes,2023,María Teresa Jiménez Esquivel,PAN,0
01,Aguascalientes,2024,María Teresa Jiménez Esquivel,PAN,0
02,Baja California,2019,Francisco Vega de Lamadrid,PAN,0
02,Baja California,2020,Jaime Bonilla Valdez,MORENA,1
02,Baja California,2021,Jaime Bonilla Valdez,MORENA,1
02,Baja California,2022,Marina del Pilar Ávila Olmeda,MORENA,1
02,Baja California,2023,Marina del Pilar Ávila Olmeda,MORENA,1
02,Baja California,2024,Marina del Pilar Ávila Olmeda,MORENA,1
03,Baja California Sur,2019,Carlos Mendoza Davis,PAN,0
03,Baja California Sur,2020,Carlos Mendoza Davis,PAN,0
03,Baja California Sur,2021,Victor Manuel Castro Cosío,MORENA,1
03,Baja California Sur,2022,Victor Manuel Castro Cosío,MORENA,1
03,Baja California Sur,2023,Victor Manuel Castro Cosío,MORENA,1
03,Baja California Sur,2024,Victor Manuel Castro Cosío,MORENA,1
04,Campeche,2019,Alejandro Moreno Cárdenas,PRI,0
04,Campeche,2020,Alejandro Moreno Cárdenas,PRI,0
04,Campeche,2021,Layda Sansores San Román,MORENA,1
04,Campeche,2022,Layda Sansores San Román,MORENA,1
04,Campeche,2023,Layda Sansores San Román,MORENA,1
04,Campeche,2024,Layda Sansores San Román,MORENA,1
05,Coahuila,2019,Miguel Riquelme Solís,PRI,0
05,Coahuila,2020,Miguel Riquelme Solís,PRI,0
05,Coahuila,2021,Miguel Riquelme Solís,PRI,0
05,Coahuila,2022,Miguel Riquelme Solís,PRI,0
05,Coahuila,2023,Miguel Riquelme Solís,PRI,0
05,Coahuila,2024,Manolo Jiménez Salinas,PRI,0
06,Colima,2019,José Ignacio Peralta Sánchez,PRI,0
06,Colima,2020,José Ignacio Peralta Sánchez,PRI,0
06,Colima,2021,José Ignacio Peralta Sánchez,PRI,0
06,Colima,2022,Indira Vizcaíno Silva,MORENA,1
06,Colima,2023,Indira Vizcaíno Silva,MORENA,1
06,Colima,2024,Indira Vizcaíno Silva,MORENA,1
07,Chiapas,2019,Rutilio Escandón Cadenas,MORENA,1
07,Chiapas,2020,Rutilio Escandón Cadenas,MORENA,1
07,Chiapas,2021,Rutilio Escandón Cadenas,MORENA,1
07,Chiapas,2022,Rutilio Escandón Cadenas,MORENA,1
07,Chiapas,2023,Rutilio Escandón Cadenas,MORENA,1
07,Chiapas,2024,Rutilio Escandón Cadenas,MORENA,1
08,Chihuahua,2019,Javier Corral Jurado,PAN,0
08,Chihuahua,2020,Javier Corral Jurado,PAN,0
08,Chihuahua,2021,Javier Corral Jurado,PAN,0
08,Chihuahua,2022,María Eugenia Campos Galván,PAN,0
08,Chihuahua,2023,María Eugenia Campos Galván,PAN,0
08,Chihuahua,2024,María Eugenia Campos Galván,PAN,0
09,Ciudad de México,2019,Claudia Sheinbaum Pardo,MORENA,1
09,Ciudad de México,2020,Claudia Sheinbaum Pardo,MORENA,1
09,Ciudad de México,2021,Claudia Sheinbaum Pardo,MORENA,1
09,Ciudad de México,2022,Claudia Sheinbaum Pardo,MORENA,1
09,Ciudad de México,2023,Claudia Sheinbaum Pardo,MORENA,1
09,Ciudad de México,2024,Martí Batres Guadarrama,MORENA,1
10,Durango,2019,José Rosas Aispuro Torres,PAN-PRI,0
10,Durango,2020,José Rosas Aispuro Torres,PAN-PRI,0
10,Durango,2021,José Rosas Aispuro Torres,PAN-PRI,0
10,Durango,2022,José Rosas Aispuro Torres,PAN-PRI,0
10,Durango,2023,Esteban Villegas Villarreal,PRI,0
10,Durango,2024,Esteban Villegas Villarreal,PRI,0
11,Guanajuato,2019,Diego Sinhue Rodríguez Vallejo,PAN,0
11,Guanajuato,2020,Diego Sinhue Rodríguez Vallejo,PAN,0
11,Guanajuato,2021,Diego Sinhue Rodríguez Vallejo,PAN,0
11,Guanajuato,2022,Diego Sinhue Rodríguez Vallejo,PAN,0
11,Guanajuato,2023,Diego Sinhue Rodríguez Vallejo,PAN,0
11,Guanajuato,2024,Libia Dennise García Muñoz Ledo,PAN,0
12,Guerrero,2019,Héctor Astudillo Flores,PRI,0
12,Guerrero,2020,Héctor Astudillo Flores,PRI,0
12,Guerrero,2021,Héctor Astudillo Flores,PRI,0
12,Guerrero,2022,Evelyn Salgado Pineda,MORENA,1
12,Guerrero,2023,Evelyn Salgado Pineda,MORENA,1
12,Guerrero,2024,Evelyn Salgado Pineda,MORENA,1
13,Hidalgo,2019,Omar Fayad Meneses,PRI,0
13,Hidalgo,2020,Omar Fayad Meneses,PRI,0
13,Hidalgo,2021,Omar Fayad Meneses,PRI,0
13,Hidalgo,2022,Omar Fayad Meneses,PRI,0
13,Hidalgo,2023,Julio Menchaca Salazar,MORENA,1
13,Hidalgo,2024,Julio Menchaca Salazar,MORENA,1
14,Jalisco,2019,Enrique Alfaro Ramírez,MC,0
14,Jalisco,2020,Enrique Alfaro Ramírez,MC,0
14,Jalisco,2021,Enrique Alfaro Ramírez,MC,0
14,Jalisco,2022,Enrique Alfaro Ramírez,MC,0
14,Jalisco,2023,Enrique Alfaro Ramírez,MC,0
14,Jalisco,2024,Enrique Alfaro Ramírez,MC,0
15,México,2019,Alfredo Del Mazo Maza,PRI,0
15,México,2020,Alfredo Del Mazo Maza,PRI,0
15,México,2021,Alfredo Del Mazo Maza,PRI,0
15,México,2022,Alfredo Del Mazo Maza,PRI,0
15,México,2023,Delfina Gómez Álvarez,MORENA,1
15,México,2024,Delfina Gómez Álvarez,MORENA,1
16,Michoacán,2019,Silvano Aureoles Conejo,PRD,0
16,Michoacán,2020,Silvano Aureoles Conejo,PRD,0
16,Michoacán,2021,Silvano Aureoles Conejo,PRD,0
16,Michoacán,2022,Alfredo Ramírez Bedolla,MORENA,1
16,Michoacán,2023,Alfredo Ramírez Bedolla,MORENA,1
16,Michoacán,2024,Alfredo Ramírez Bedolla,MORENA,1
17,Morelos,2019,Cuauhtémoc Blanco Bravo,MORENA,1
17,Morelos,2020,Cuauhtémoc Blanco Bravo,MORENA,1
17,Morelos,2021,Cuauhtémoc Blanco Bravo,MORENA,1
17,Morelos,2022,Cuauhtémoc Blanco Bravo,MORENA,1
17,Morelos,2023,Cuauhtémoc Blanco Bravo,MORENA,1
17,Morelos,2024,Lucy Meza,MORENA,1
18,Nayarit,2019,Antonio Echevarría García,PAN,0
18,Nayarit,2020,Antonio Echevarría García,PAN,0
18,Nayarit,2021,Antonio Echevarría García,PAN,0
18,Nayarit,2022,Miguel Ángel Navarro Quintero,MORENA,1
18,Nayarit,2023,Miguel Ángel Navarro Quintero,MORENA,1
18,Nayarit,2024,Miguel Ángel Navarro Quintero,MORENA,1
19,Nuevo León,2019,Jaime Rodríguez Calderón,IND,0
19,Nuevo León,2020,Jaime Rodríguez Calderón,IND,0
19,Nuevo León,2021,Jaime Rodríguez Calderón,IND,0
19,Nuevo León,2022,Samuel García Sepúlveda,MC,0
19,Nuevo León,2023,Samuel García Sepúlveda,MC,0
19,Nuevo León,2024,Samuel García Sepúlveda,MC,0
20,Oaxaca,2019,Alejandro Murat Hinojosa,PRI,0
20,Oaxaca,2020,Alejandro Murat Hinojosa,PRI,0
20,Oaxaca,2021,Alejandro Murat Hinojosa,PRI,0
20,Oaxaca,2022,Salomón Jara Cruz,MORENA,1
20,Oaxaca,2023,Salomón Jara Cruz,MORENA,1
20,Oaxaca,2024,Salomón Jara Cruz,MORENA,1
21,Puebla,2019,Miguel Barbosa Huerta,MORENA,1
21,Puebla,2020,Miguel Barbosa Huerta,MORENA,1
21,Puebla,2021,Miguel Barbosa Huerta,MORENA,1
21,Puebla,2022,Miguel Barbosa Huerta,MORENA,1
21,Puebla,2023,Miguel Barbosa Huerta,MORENA,1
21,Puebla,2024,Alejandro Armenta Mier,MORENA,1
22,Querétaro,2019,Francisco Domínguez Servién,PAN,0
22,Querétaro,2020,Francisco Domínguez Servién,PAN,0
22,Querétaro,2021,Francisco Domínguez Servién,PAN,0
22,Querétaro,2022,Mauricio Kuri González,PAN,0
22,Querétaro,2023,Mauricio Kuri González,PAN,0
22,Querétaro,2024,Mauricio Kuri González,PAN,0
23,Quintana Roo,2019,Carlos Manuel Joaquín González,PRD-PRI,0
23,Quintana Roo,2020,Carlos Manuel Joaquín González,PRD-PRI,0
23,Quintana Roo,2021,Carlos Manuel Joaquín González,PRD-PRI,0
23,Quintana Roo,2022,Mara Lezama Espinosa,MORENA,1
23,Quintana Roo,2023,Mara Lezama Espinosa,MORENA,1
23,Quintana Roo,2024,Mara Lezama Espinosa,MORENA,1
24,San Luis Potosí,2019,Juan Manuel Carreras López,PRI,0
24,San Luis Potosí,2020,Juan Manuel Carreras López,PRI,0
24,San Luis Potosí,2021,Juan Manuel Carreras López,PRI,0
24,San Luis Potosí,2022,Ricardo Gallardo Cardona,MORENA,1
24,San Luis Potosí,2023,Ricardo Gallardo Cardona,MORENA,1
24,San Luis Potosí,2024,Ricardo Gallardo Cardona,MORENA,1
25,Sinaloa,2019,Quirino Ordaz Coppel,PRI,0
25,Sinaloa,2020,Quirino Ordaz Coppel,PRI,0
25,Sinaloa,2021,Quirino Ordaz Coppel,PRI,0
25,Sinaloa,2022,Rubén Rocha Moya,MORENA,1
25,Sinaloa,2023,Rubén Rocha Moya,MORENA,1
25,Sinaloa,2024,Rubén Rocha Moya,MORENA,1
26,Sonora,2019,Claudia Pavlovich Arellano,PRI,0
26,Sonora,2020,Claudia Pavlovich Arellano,PRI,0
26,Sonora,2021,Claudia Pavlovich Arellano,PRI,0
26,Sonora,2022,Alfonso Durazo Montaño,MORENA,1
26,Sonora,2023,Alfonso Durazo Montaño,MORENA,1
26,Sonora,2024,Alfonso Durazo Montaño,MORENA,1
27,Tabasco,2019,Adán Augusto López Hernández,MORENA,1
27,Tabasco,2020,Adán Augusto López Hernández,MORENA,1
27,Tabasco,2021,Adán Augusto López Hernández,MORENA,1
27,Tabasco,2022,Carlos Manuel Merino Campos,MORENA,1
27,Tabasco,2023,Carlos Manuel Merino Campos,MORENA,1
27,Tabasco,2024,Carlos Manuel Merino Campos,MORENA,1
28,Tamaulipas,2019,Francisco García Cabeza de Vaca,PAN,0
28,Tamaulipas,2020,Francisco García Cabeza de Vaca,PAN,0
28,Tamaulipas,2021,Francisco García Cabeza de Vaca,PAN,0
28,Tamaulipas,2022,Francisco García Cabeza de Vaca,PAN,0
28,Tamaulipas,2023,Américo Villarreal Anaya,MORENA,1
28,Tamaulipas,2024,Américo Villarreal Anaya,MORENA,1
29,Tlaxcala,2019,Marco Antonio Mena Rodríguez,PRI,0
29,Tlaxcala,2020,Marco Antonio Mena Rodríguez,PRI,0
29,Tlaxcala,2021,Marco Antonio Mena Rodríguez,PRI,0
29,Tlaxcala,2022,Lorena Cuéllar Cisneros,MORENA,1
29,Tlaxcala,2023,Lorena Cuéllar Cisneros,MORENA,1
29,Tlaxcala,2024,Lorena Cuéllar Cisneros,MORENA,1
30,Veracruz,2019,Cuitláhuac García Jiménez,MORENA,1
30,Veracruz,2020,Cuitláhuac García Jiménez,MORENA,1
30,Veracruz,2021,Cuitláhuac García Jiménez,MORENA,1
30,Veracruz,2022,Cuitláhuac García Jiménez,MORENA,1
30,Veracruz,2023,Cuitláhuac García Jiménez,MORENA,1
30,Veracruz,2024,Cuitláhuac García Jiménez,MORENA,1
31,Yucatán,2019,Mauricio Vila Dosal,PAN,0
31,Yucatán,2020,Mauricio Vila Dosal,PAN,0
31,Yucatán,2021,Mauricio Vila Dosal,PAN,0
31,Yucatán,2022,Mauricio Vila Dosal,PAN,0
31,Yucatán,2023,Mauricio Vila Dosal,PAN,0
31,Yucatán,2024,Mauricio Vila Dosal,PAN,0
32,Zacatecas,2019,Alejandro Tello Cristerna,PRI,0
32,Zacatecas,2020,Alejandro Tello Cristerna,PRI,0
32,Zacatecas,2021,Alejandro Tello Cristerna,PRI,0
32,Zacatecas,2022,David Monreal Ávila,MORENA,1
32,Zacatecas,2023,David Monreal Ávila,MORENA,1
32,Zacatecas,2024,David Monreal Ávila,MORENA,1
