state_id,state,year,complaints_total,complaints_per100k,log_complaints_per100k,log_complaints_total,complaints_accepted,complaints_accepted_per100k,log_complaints_accepted_per100k,cso_broad_lag,log_cso_broad_lag,cso_broad_t,log_cso_broad_t,staff_total,log_staff,staff_visitadurias,log_staff_visitadurias,budget_nominal,budget_real2020,log_budget_real,population,homicides,homicide_rate,log_homicide_rate,gdp_percapita_2018,log_gdp_percapita,political_alignment,governor,governor_party,red_tdt_n,red_tdt_dummy,log_red_tdt,n_eventos_lag,log_eventos_lag
01,Aguascalientes,2019,430.0,29.93724318370746,3.399103296719557,6.063785208687608,258.0,17.962345910224474,2.888277672953566,6,1.791759469228055,6,1.791759469228055,36.0,3.58351893845611,14.0,2.6390573296152584,19783881.0,20691838.89051584,16.84524992399925,1436338,91,6.335556115621811,1.846177594548799,229304.21948037305,12.342804870248312,0,Martín Orozco Sandoval,PAN,0,0,,736.0,6.601230118728877
01,Aguascalientes,2020,409.0,28.089694722021907,3.335402773204548,6.013715156042802,178.0,12.224854915696575,2.5034711674538315,6,1.791759469228055,5,1.6094379124341005,35.0,3.555348061489413,14.0,2.6390573296152584,19469132.36,19469132.36,16.784340813438117,1456050,72,4.9448851344390645,1.5983537361778015,210930.7255932145,12.259285043827024,0,Martín Orozco Sandoval,PAN,0,0,,1048.0,6.954638864880987
01,Aguascalientes,2021,385.0,26.143435790703123,3.263598137611764,5.953243334287785,385.0,26.143435790703123,3.263598137611764,5,1.6094379124341005,5,1.6094379124341005,36.0,3.58351893845611,13.0,2.5649493574615367,18701273.0,17894756.332111724,16.70001828555487,1472645,75,5.092877102085024,1.62784291686029,214059.1384889094,12.274007603905908,0,Martín Orozco Sandoval,PAN,0,0,,434.0,6.073044534100405
01,Aguascalientes,2022,505.0,33.867023980535514,3.5224417970269783,6.22455842927536,451.0,30.24559963410201,3.409350707254297,5,1.6094379124341005,10,2.302585092994046,42.0,3.737669618283368,15.0,2.70805020110221,20172938.0,18098813.924277768,16.711356965043507,1491126,70,4.694438967598982,1.5463786098009773,210983.00680157144,12.259532872729524,0,Martín Orozco Sandoval,PAN,0,0,,84.0,4.430816798843313
01,Aguascalientes,2023,706.0,46.729002891770726,3.8443650188380056,6.559615237493242,468.0,30.97616622287352,3.4332180772624104,10,2.302585092994046,10,2.302585092994046,43.0,3.7612001156935615,17.0,2.833213344056216,21205200.0,18177859.31043942,16.715714890079763,1510839,85,5.626013096034719,1.72740103783508,221277.49283676155,12.307172816559458,0,María Teresa Jiménez Esquivel,PAN,0,0,,306.0,5.723585101952381
01,Aguascalientes,2024,669.0,43.72020376621128,3.777810324006792,6.505784060128229,497.0,32.479732842760846,3.4806162899751927,10,2.302585092994046,0,,42.0,3.737669618283368,16.0,2.772588722239781,24563164.0,20072044.12665986,16.814838565444663,1530185,112,7.31937641527005,1.9905251351736584,214410.652960263,12.27564839425907,0,María Teresa Jiménez Esquivel,PAN,0,0,,392.0,5.971261839790462
02,Baja California,2019,2557.0,67.86597730192265,4.2175348383229165,7.846589975291186,2557.0,67.86597730192265,4.2175348383229165,39,3.6635616461296463,39,3.6635616461296463,145.0,4.976733742420574,64.0,4.158883083359672,45679821.05,47776242.57415387,17.68203905663054,3767720,2606,69.16649857208073,4.23651662071652,237264.51249031245,12.376930884212824,0,Francisco Vega de Lamadrid,PAN,1,1,0.0,1745.0,7.464509834636527
02,Baja California,2020,1834.0,47.777599183456346,3.866556893323721,7.51425465281641,1834.0,47.777599183456346,3.866556893323721,39,3.6635616461296463,38,3.6375861597263857,127.0,4.844187086458591,55.0,4.007333185232471,43208697.0,43208697.0,17.581552352396745,3838619,2629,68.48817243909853,4.226661065237192,218748.8104445896,12.295679366237485,1,Jaime Bonilla Valdez,MORENA,1,1,0.0,1823.0,7.508238774678663
02,Baja California,2021,596.0,15.321632165144573,2.7292656968324702,6.39024066706535,596.0,15.321632165144573,2.7292656968324702,38,3.6375861597263857,36,3.58351893845611,116.0,4.7535901911063645,56.0,4.02535169073515,41749189.0,39948701.04394921,17.5031067151035,3889925,2670,68.63885550492618,4.228858781161415,230419.23918841625,12.347655707739602,1,Jaime Bonilla Valdez,MORENA,1,1,0.0,899.0,6.80128303447162
02,Baja California,2022,889.0,22.51658413540749,3.1142521103904848,6.790097235513905,889.0,22.51658413540749,3.1142521103904848,36,3.58351893845611,38,3.6375861597263857,122.0,4.804021044733257,64.0,4.158883083359672,42749519.0,38354135.11573659,17.46237290566846,3948201,2399,60.76185077710076,4.106962137716275,232840.29308538244,12.35810806012643,1,Marina del Pilar Ávila Olmeda,MORENA,1,1,0.0,1484.0,7.302496423727326
02,Baja California,2023,1139.0,28.400378006787168,3.346402455176721,7.037905963447182,1139.0,28.400378006787168,3.346402455176721,38,3.6375861597263857,42,3.737669618283368,112.0,4.718498871295094,25.0,3.218875824868201,43311580.0,37128242.49489945,17.42988849120318,4010510,2116,52.761369501634455,3.965779284707729,236368.3219839871,12.37314655377526,1,Marina del Pilar Ávila Olmeda,MORENA,1,1,0.0,1939.0,7.569927655242652
02,Baja California,2024,1000.0,24.558728761611366,3.20106734141861,6.907755278982137,1000.0,24.558728761611366,3.20106734141861,42,3.737669618283368,0,,108.0,4.68213122712422,23.0,3.1354942159291497,47316067.0,38664814.70888662,17.470440563795677,4071872,2089,51.30318438300614,3.9377528239930384,232737.4261764613,12.35766617080768,1,Marina del Pilar Ávila Olmeda,MORENA,1,1,0.0,2723.0,7.909489492673759
03,Baja California Sur,2019,292.0,36.602578726882086,3.6001186949439776,5.676753802268282,282.0,35.34906575678339,3.5652719636138097,8,2.079441541679836,8,2.079441541679836,34.0,3.5263605246161616,17.0,2.833213344056216,11348618.13,11869449.577458898,16.289478394614218,797758,81,10.153455057799482,2.3178140473481346,222950.75699648264,12.314706205414211,0,Carlos Mendoza Davis,PAN,1,1,0.0,77.0,4.343805421853684
03,Baja California Sur,2020,176.0,21.592495626292788,3.072345829615506,5.170483995038151,175.0,21.46981099205249,3.066647808500868,8,2.079441541679836,9,2.19722457733622,31.0,3.4339872044851463,14.0,2.6390573296152584,11384283.0,11384283.0,16.247744277894697,815098,62,7.606447322898597,2.028996219622446,186396.3474330694,12.135630585725488,0,Carlos Mendoza Davis,PAN,1,1,0.0,92.0,4.5217885770490405
03,Baja California Sur,2021,168.0,20.196385808672904,3.005503668036274,5.123963979403259,167.0,20.076169226478424,2.99953350104977,9,2.19722457733622,10,2.302585092994046,29.0,3.367295829986474,13.0,2.5649493574615367,11384283.0,10893321.021558365,16.20366040907543,831832,48,5.770395945335116,1.752740699540906,205647.98541051557,12.233921177405946,1,Victor Manuel Castro Cosío,MORENA,1,1,0.0,54.0,3.9889840465642745
03,Baja California Sur,2022,154.0,18.134202519005584,2.897799797078432,5.0369526024136295,97.0,11.422192495737283,2.435558173168186,10,2.302585092994046,14,2.6390573296152584,30.0,3.4011973816621555,13.0,2.5649493574615367,13454345.0,12071007.536335904,16.306317064017087,849224,39,4.592427910657259,1.5244088407944496,209755.99370719623,12.25370019940245,1,Victor Manuel Castro Cosío,MORENA,1,1,0.0,7.0,1.9459101490553128
03,Baja California Sur,2023,0.0,0.0,,,0.0,0.0,,14,2.6390573296152584,18,2.8903717578961645,,,,,,,,867766,24,2.7657225565417405,1.0173019232737797,208337.5057331124,12.24691466736882,1,Victor Manuel Castro Cosío,MORENA,1,1,0.0,77.0,4.343805421853684
03,Baja California Sur,2024,113.0,12.753230630325604,2.5457846222790783,4.727387818712341,113.0,12.753230630325604,2.5457846222790783,18,2.8903717578961645,0,,28.0,3.332204510175204,10.0,2.302585092994046,13184283.0,10773673.544433096,16.19261608145105,886050,56,6.320185091134812,1.8437484943018867,211220.7674510468,12.260659156714215,1,Victor Manuel Castro Cosío,MORENA,1,1,0.0,,
04,Campeche,2019,278.0,29.694826904794965,3.390972852348122,5.627621113690637,278.0,29.694826904794965,3.390972852348122,1,0.0,1,0.0,64.0,4.158883083359672,24.0,3.1780538303479458,30261360.0,31650169.434798986,17.270254059930302,936190,73,7.797562460611628,2.0538111798058765,578902.7077836763,13.268889707519754,0,Alejandro Moreno Cárdenas,PRI,0,0,,336.0,5.817111159963204
04,Campeche,2020,238.0,25.3412821198089,3.2324347702905656,5.472270673671475,218.0,23.211762613942604,3.14465915940818,1,0.0,1,0.0,66.0,4.189654742026425,23.0,3.1354942159291497,30077745.96,30077745.96,17.219296119397733,939179,77,8.198650097585231,2.1039695184727747,532927.9359951618,13.186141489495135,0,Alejandro Moreno Cárdenas,PRI,0,0,,1031.0,6.93828448401696
04,Campeche,2021,368.0,39.07892668878307,3.665583362334353,5.908082938168931,368.0,39.07892668878307,3.665583362334353,1,0.0,1,0.0,68.0,4.219507705176107,27.0,3.295836866004329,28641485.0,27406283.78960261,17.126282880451914,941684,85,9.02638252322435,2.2001516806557384,519924.1943157152,13.161438299768564,1,Layda Sansores San Román,MORENA,0,0,,193.0,5.262690188904886
04,Campeche,2022,395.0,41.7792679637631,3.732400234762933,5.978885764901122,395.0,41.7792679637631,3.732400234762933,1,0.0,2,0.6931471805599453,70.0,4.248495242049359,18.0,2.8903717578961645,29903762.0,26829142.29319936,17.104999253691012,945445,87,9.202015981892124,2.219422588516394,499955.07300794864,13.122273519383114,1,Layda Sansores San Román,MORENA,0,0,,157.0,5.056245805348308
04,Campeche,2023,308.0,32.41112459236171,3.4785017154827087,5.730099782973574,245.0,25.781576380287724,3.249660143053861,2,0.6931471805599453,2,0.6931471805599453,72.0,4.276666119016055,28.0,3.332204510175204,30880390.0,26471779.79323469,17.091589810070392,950291,94,9.89170685611039,2.291696714779138,535114.630150133,13.190236264890194,1,Layda Sansores San Román,MORENA,0,0,,140.0,4.941642422609304
04,Campeche,2024,337.0,35.300562818765655,3.56389890768653,5.820082930352362,337.0,35.300562818765655,3.56389890768653,2,0.6931471805599453,0,,77.0,4.343805421853684,27.0,3.295836866004329,35221004.0,28781208.580183864,17.17523325229383,954659,95,9.951197233776668,2.297692868934709,495883.3017862923,13.11409589936803,1,Layda Sansores San Román,MORENA,0,0,,363.0,5.8944028342648505
05,Coahuila,2019,2256.0,71.33675787716227,4.267411732825183,7.721348612617949,2020.0,63.87422469497687,4.156915910602484,3,1.0986122886681098,3,1.0986122886681098,76.0,4.330733340286331,47.0,3.8501476017100575,35718363.0,37357615.15290968,17.43604733505053,3162465,221,6.988219632470241,1.944225821724986,301468.73846825183,12.616421603101076,0,Miguel Riquelme Solís,PRI,4,1,1.3862943611198906,141.0,4.948759890378168
05,Coahuila,2020,2046.0,63.99505555308806,4.158805823392198,7.6236419465115715,1942.0,60.74212995312659,4.106637525731896,3,1.0986122886681098,6,1.791759469228055,77.0,4.343805421853684,45.0,3.80666248977032,36729453.78,36729453.78,17.41908954646284,3197122,194,6.067957369158887,1.8030220359439544,263861.5514203086,12.483179818130589,0,Miguel Riquelme Solís,PRI,4,1,1.3862943611198906,3674.0,8.20903626577507
05,Coahuila,2021,2065.0,63.87552778508128,4.156936311269869,7.632885505395133,1858.0,57.47250877708523,4.05130672524852,6,1.791759469228055,6,1.791759469228055,68.0,4.219507705176107,44.0,3.784189633918261,36729453.78,35145448.419723086,17.375005677643568,3232850,137,4.237746879688201,1.444031731702861,285069.51544303016,12.560488343343838,0,Miguel Riquelme Solís,PRI,4,1,1.3862943611198906,2007.0,7.604396348796338
05,Coahuila,2022,1834.0,56.02295658251412,4.025761545706591,7.51425465281641,1653.0,50.49397340834015,3.921853990711205,6,1.791759469228055,16,2.772588722239781,58.0,4.060443010546419,33.0,3.49650756146648,32682101.0,29321820.38399426,17.19384251982194,3273658,129,3.940546019162661,1.3713192972518529,285870.18650085013,12.56329309340755,0,Miguel Riquelme Solís,PRI,4,1,1.3862943611198906,1220.0,7.106606137727303
05,Coahuila,2023,1609.0,48.51151945073744,3.881801284189541,7.383368146992383,1446.0,43.59705228450363,3.774989539915868,16,2.772588722239781,24,3.1780538303479458,58.0,4.060443010546419,33.0,3.49650756146648,31696815.0,27171648.63613764,17.117684658109237,3316738,116,3.497412216460872,1.2520233283035225,279783.38747287245,12.541770966587665,0,Miguel Riquelme Solís,PRI,4,1,1.3862943611198906,595.0,6.38856140554563
05,Coahuila,2024,1549.0,46.115038712518135,3.831139116165117,7.345364840416867,1437.0,42.78070408643548,3.756087161827273,24,3.1780538303479458,0,,58.0,4.060443010546419,33.0,3.49650756146648,32144281.0,26267032.48212462,17.08382519304746,3358991,105,3.125938711952488,1.1397346259057712,274572.3906375456,12.522970223333765,0,Manolo Jiménez Salinas,PRI,4,1,1.3862943611198906,382.0,5.945420608606575
06,Colima,2019,603.0,81.36224414070406,4.39891133421025,6.401917196727186,114.0,15.381916802720172,2.73319258587756,2,0.6931471805599453,2,0.6931471805599453,25.0,3.218875824868201,11.0,2.3978952727983707,9500000.0,9935991.29816341,16.111674207366306,741130,661,89.18813163682485,4.490747977334751,217384.0729696545,12.289420989576366,0,José Ignacio Peralta Sánchez,PRI,1,1,0.0,266.0,5.583496308781699
06,Colima,2020,425.0,57.03763947380428,4.043711391550628,6.052089168924417,215.0,28.85433526321864,3.362260250753874,2,0.6931471805599453,3,1.0986122886681098,25.0,3.218875824868201,11.0,2.3978952727983707,9500000.0,9500000.0,16.06680235657077,745122,544,73.0081785264695,4.290571469482154,198817.4728433733,12.200142460908635,0,José Ignacio Peralta Sánchez,PRI,1,1,0.0,1234.0,7.1180162044653335
06,Colima,2021,761.0,101.69514175180235,4.621979531528049,6.634633357861686,724.0,96.75069990578834,4.57213756605208,3,1.0986122886681098,3,1.0986122886681098,27.0,3.295836866004329,8.0,2.079441541679836,13000000.0,12439358.129120538,16.336376046606542,748315,474,63.34230905434209,4.14855349536144,197333.0696297682,12.192648288861506,0,José Ignacio Peralta Sánchez,PRI,1,1,0.0,1330.0,7.1929342212158
06,Colima,2022,539.0,71.65199728280737,4.271821029430779,6.289715570908998,461.0,61.28306261108386,4.11550350151843,3,1.0986122886681098,3,1.0986122886681098,27.0,3.295836866004329,10.0,2.302585092994046,13445900.0,12063430.827202585,16.305689188674133,752247,738,98.10607420169173,4.586049283122254,197326.7211434542,12.192616116917655,1,Indira Vizcaíno Silva,MORENA,1,1,0.0,55.0,4.007333185232471
06,Colima,2023,790.0,104.30351001115652,4.647305014471699,6.672032945461067,620.0,81.8584508948317,4.404991547049769,3,1.0986122886681098,3,1.0986122886681098,26.0,3.258096538021482,6.0,1.791759469228055,13163115.0,11283895.108611792,16.238887055475193,757405,792,104.5675695301721,4.649833460825057,202473.94458710996,12.218366488544572,1,Indira Vizcaíno Silva,MORENA,1,1,0.0,30.0,3.4011973816621555
06,Colima,2024,668.0,87.61954230594174,4.473004058746701,6.504288173536645,441.0,57.84463795946153,4.057760760656901,3,1.0986122886681098,0,,27.0,3.295836866004329,2.0,0.6931471805599453,14445199.0,11804044.126659855,16.28395275331821,762387,749,98.24406764543468,4.587454868727275,206115.6459908157,12.236192678557185,1,Indira Vizcaíno Silva,MORENA,1,1,0.0,41.0,3.713572066704308
07,Chiapas,2019,1215.0,21.51135790845156,3.0685810704573027,7.102499355774649,1215.0,21.51135790845156,3.068581070457302,21,3.044522437723423,21,3.044522437723423,136.0,4.912654885736052,50.0,3.912023005428146,64145829.87,67089727.09492532,18.021541491784863,5648179,525,9.295031195009932,2.229479977274277,61774.66967672235,11.031248683642552,1,Rutilio Escandón Cadenas,MORENA,10,1,2.302585092994046,290.0,5.66988092298052
07,Chiapas,2020,853.0,14.924955295122182,2.703034663972484,6.748759547491679,853.0,14.924955295122182,2.703034663972484,21,3.044522437723423,18,2.8903717578961645,137.0,4.919980925828125,53.0,3.970291913552122,56610520.23,56610520.23,17.85170539568975,5715260,419,7.331250021871272,1.9921460364029424,59007.01542886938,10.985411621393206,1,Rutilio Escandón Cadenas,MORENA,10,1,2.302585092994046,878.0,6.777646593635117
07,Chiapas,2021,830.0,14.346078931434905,2.663476659671186,6.721425700790643,830.0,14.346078931434905,2.663476659671186,18,2.8903717578961645,20,2.995732273553991,135.0,4.90527477843843,52.0,3.951243718581428,62952336.88,60237435.655027896,17.913804571742197,5785553,429,7.415021519982619,2.003507877808559,61124.40936933773,11.020666564061168,1,Rutilio Escandón Cadenas,MORENA,10,1,2.302585092994046,397.0,5.983936280687191
07,Chiapas,2022,702.0,11.973633445121358,2.4827070194674703,6.553933404025811,702.0,11.973633445121358,2.4827070194674703,20,2.995732273553991,33,3.49650756146648,110.0,4.700480365792417,40.0,3.688879454113936,58721918.0,52684297.50583169,17.779828009071533,5862882,377,6.430284627935544,1.86101880288967,63879.50550599516,11.064753861315818,1,Rutilio Escandón Cadenas,MORENA,10,1,2.302585092994046,473.0,6.159095388491933
07,Chiapas,2023,499.0,8.391699650474777,2.127243080471963,6.212606095751519,499.0,8.391699650474777,2.127243080471963,33,3.49650756146648,53,3.970291913552122,110.0,4.700480365792417,42.0,3.737669618283368,54064326.0,46345882.69583555,17.651643015304145,5946352,500,8.408516683842464,2.129245083142636,63841.86455830398,11.064164438437532,1,Rutilio Escandón Cadenas,MORENA,10,1,2.302585092994046,593.0,6.385194398997726
07,Chiapas,2024,354.0,5.872444532770729,1.7702709922565547,5.869296913133774,354.0,5.872444532770729,1.7702709922565547,53,3.970291913552122,0,,122.0,4.804021044733257,41.0,3.713572066704308,56684058.0,46319965.67926456,17.65108365028022,6028154,662,10.981803052808536,2.3962396350597883,64662.391173151846,11.076935031312509,1,Rutilio Escandón Cadenas,MORENA,10,1,2.302585092994046,685.0,6.529418838262226
08,Chihuahua,2019,1558.0,41.26829823894556,3.720094608093511,7.351158226430694,1348.0,35.70581901546767,3.5753136731350703,24,3.1780538303479458,26,3.258096538021482,109.0,4.691347882229144,41.0,3.713572066704308,57941380.0,60600531.314061,17.91981421855987,3775295,2181,57.77031993526334,4.056475147864447,229614.18882497927,12.344155739536331,0,Javier Corral Jurado,PAN,7,1,1.9459101490553128,254.0,5.537334267018537
08,Chihuahua,2020,1005.0,26.35977765461977,3.2718392746450053,6.912742820493176,863.0,22.635311558146128,3.1195111452352573,26,3.258096538021482,41,3.713572066704308,102.0,4.624972813284271,45.0,3.80666248977032,76959318.16,76959318.16,18.15878750461512,3812627,2296,60.22094477115123,4.098020211591287,212113.8236182034,12.264878313432291,0,Javier Corral Jurado,PAN,7,1,1.9459101490553128,1051.0,6.957497370876951
08,Chihuahua,2021,718.0,18.640195166477973,2.925320279507244,6.576469569048224,657.0,17.056557415565496,2.8365347289436302,41,3.713572066704308,41,3.713572066704308,105.0,4.653960350157523,105.0,4.653960350157523,66188798.0,63334320.18907825,17.96393792326807,3851891,2060,53.4802256865524,3.979311972242647,219648.9822790936,12.299786016017793,0,Javier Corral Jurado,PAN,7,1,1.9459101490553128,750.0,6.620073206530356
08,Chihuahua,2022,681.0,17.469269733220393,2.860443322082826,6.523562306149512,633.0,16.237955567002217,2.78735143807749,41,3.713572066704308,53,3.970291913552122,109.0,4.691347882229144,,,75000426.1,67289095.72940965,18.02450875666448,3898274,1668,42.78816727608167,3.7562615988520056,233762.7221688368,12.362061872060616,0,María Eugenia Campos Galván,PAN,7,1,1.9459101490553128,1320.0,7.1853870155804165
08,Chihuahua,2023,844.0,21.378259424671523,3.0623744909016866,6.738152494595957,844.0,21.378259424671523,3.0623744909016866,53,3.970291913552122,79,4.3694478524670215,122.0,4.804021044733257,,,85490847.0,73285825.60392271,18.109877773040484,3947936,1776,44.98553168035146,3.806340919857845,238124.556477106,12.380549162298031,0,María Eugenia Campos Galván,PAN,7,1,1.9459101490553128,1263.0,7.141245122350491
08,Chihuahua,2024,922.0,23.07016332274408,3.138540151603346,6.826545223556594,922.0,23.07016332274408,3.138540151603346,79,4.3694478524670215,0,,124.0,4.820281565605037,,,102304656.0,83599310.31664965,18.24154582822005,3996504,1705,42.66228683869702,3.753315317764369,232917.29721776836,12.358438721975816,0,María Eugenia Campos Galván,PAN,7,1,1.9459101490553128,1601.0,7.378383712996714
09,Mexico City,2019,39572.0,423.54382194034486,6.048656984394941,10.585877076443111,9603.0,102.78205099800697,4.6326107365898,354,5.869296913133774,359,5.883322388488279,685.0,6.529418838262226,199.0,5.293304824724492,444746771.0,465157899.63602895,19.95788747502083,9343071,1396,14.941554013664245,2.7041461912741456,393865.9297355227,12.883765850512663,1,Claudia Sheinbaum Pardo,MORENA,20,1,2.995732273553991,919.0,6.823286122355687
09,Mexico City,2020,30207.0,323.67210270500385,5.779730974657267,10.315828964583725,7316.0,78.39193244578436,4.361721019584299,359,5.883322388488279,370,5.91350300563827,697.0,6.546785410760524,169.0,5.1298987149230735,432228024.88,432228024.88,19.884463842322667,9332593,1128,12.08667301788474,2.4921034421315467,352941.0645037237,12.774056365896612,1,Claudia Sheinbaum Pardo,MORENA,20,1,2.995732273553991,777.0,6.655440350367647
09,Mexico City,2021,8307.0,89.58605032930718,4.495199619571223,9.02485381183907,8307.0,89.58605032930718,4.495199619571223,370,5.91350300563827,379,5.937536205082426,738.0,6.6039438246004725,173.0,5.153291594497779,457397212.92,437671364.5210369,19.896978877405108,9272649,921,9.932436782628136,2.2958058439874582,377028.8092431839,12.840076880601185,1,Claudia Sheinbaum Pardo,MORENA,20,1,2.995732273553991,499.0,6.212606095751519
09,Mexico City,2022,8894.0,96.27996056137258,4.567260203290489,9.09313217107064,8894.0,96.27996056137258,4.567260203290489,379,5.937536205082426,384,5.950642552587727,724.0,6.584791392385716,163.0,5.093750200806762,457975968.0,410888182.30755424,19.83383167293276,9237644,709,7.675117161908382,2.037983558751975,395163.270959565,12.887054302681507,1,Claudia Sheinbaum Pardo,MORENA,20,1,2.995732273553991,1623.0,7.392031567514591
09,Mexico City,2023,8058.0,87.38144865168734,4.470283002141727,8.994420665751292,8058.0,87.38144865168734,4.470283002141727,384,5.950642552587727,426,6.054439346269371,741.0,6.608000625296087,173.0,5.153291594497779,481010630.0,412339594.0130643,19.83735782511356,9221637,780,8.458368074995795,2.135156256074072,412683.1757745398,12.93043544867404,1,Claudia Sheinbaum Pardo,MORENA,20,1,2.995732273553991,3537.0,8.17103418920548
09,Mexico City,2024,7620.0,82.78992935476657,4.416306427843992,8.938531648680692,7620.0,82.78992935476657,4.416306427843992,426,6.054439346269371,0,,703.0,6.555356891810665,162.0,5.087596335232384,504048966.0,411888838.4065373,19.836264061215747,9204018,813,8.833098761866829,2.178505888711111,422202.1939765872,12.953239610916697,1,Martí Batres Guadarrama,MORENA,20,1,2.995732273553991,5693.0,8.646992628951082
10,Durango,2019,1103.0,59.74029491015937,4.090006749336866,7.005789019253503,1103.0,59.74029491015937,4.090006749336866,5,1.6094379124341005,5,1.6094379124341005,69.0,4.23410650459726,26.0,3.258096538021482,26889867.28,28123946.031878848,17.15213194336459,1846325,150,8.124246814618228,2.09485302417962,167590.44913544474,12.029278479340986,0,José Rosas Aispuro Torres,PAN-PRI,0,0,,683.0,6.52649485957079
10,Durango,2020,697.0,37.51032610304307,3.624616257818817,6.546785410760524,697.0,37.51032610304307,3.624616257818817,5,1.6094379124341005,6,1.791759469228055,65.0,4.174387269895637,26.0,3.258096538021482,23170276.0,23170276.0,16.958380808292727,1858155,143,7.695805785846714,2.0406754773182008,154045.69694132087,11.945004570764324,0,José Rosas Aispuro Torres,PAN-PRI,0,0,,502.0,6.218600119691729
10,Durango,2021,790.0,42.24178771523261,3.743409961306224,6.672032945461067,790.0,42.24178771523261,3.743409961306224,6,1.791759469228055,6,1.791759469228055,65.0,4.174387269895637,26.0,3.258096538021482,22627066.0,21651244.414249763,16.89057348947917,1870186,128,6.844239022214902,1.9234072797647728,162150.38557662175,11.99627948963348,0,José Rosas Aispuro Torres,PAN-PRI,0,0,,167.0,5.117993812416755
10,Durango,2022,821.0,43.57088042897946,3.774389047154461,6.710523109452428,821.0,43.57088042897946,3.774389047154461,6,1.791759469228055,6,1.791759469228055,48.0,3.871201010907891,32.0,3.4657359027997265,26109044.0,23424586.398708057,16.969296729527677,1884286,115,6.103107490051935,1.8087980660652831,159465.23669973662,11.979581225726315,0,José Rosas Aispuro Torres,PAN-PRI,0,0,,349.0,5.855071922202427
10,Durango,2023,1015.0,53.43632417053927,3.9784907426287255,6.922643891475888,1015.0,53.43632417053927,3.9784907426287255,6,1.791759469228055,9,2.19722457733622,90.0,4.499809670330265,34.0,3.5263605246161616,35906993.0,30780764.48300101,17.242400523071154,1899457,78,4.106436734287747,1.4125556778424295,162782.9090103119,12.000172745530492,0,Esteban Villegas Villarreal,PRI,0,0,,520.0,6.253828811575473
10,Durango,2024,905.0,47.28876032384179,3.856272641971768,6.807934943699926,905.0,47.28876032384179,3.856272641971768,9,2.19722457733622,0,,91.0,4.51085950651685,35.0,3.555348061489413,38798237.0,31704381.61389173,17.271965450554244,1913774,64,3.34417752566395,1.2072207816315137,169195.71328693983,12.038811390649748,0,Esteban Villegas Villarreal,PRI,0,0,,627.0,6.440946540632921
11,Guanajuato,2019,1122.0,18.05441620353281,2.893390319868954,7.022868086082641,642.0,10.330601784909147,2.335110537476273,16,2.772588722239781,16,2.772588722239781,125.0,4.8283137373023015,43.0,3.7612001156935615,107063347.49,111976893.58030371,18.53380310065637,6214546,2775,44.65330210766804,3.7989282599668472,176853.3767390249,12.08307628825414,0,Diego Sinhue Rodríguez Vallejo,PAN,3,1,1.0986122886681098,2382.0,7.775695749915245
11,Guanajuato,2020,687.0,10.964289293810396,2.394643563883246,6.532334292222349,459.0,7.325485860056727,1.9913594817214424,16,2.772588722239781,17,2.833213344056216,123.0,4.812184355372417,44.0,3.784189633918261,103673830.3,103673830.3,18.45676028166028,6265796,3359,53.60851199113409,3.9817078612731898,162700.2182962867,11.999664634916655,0,Diego Sinhue Rodríguez Vallejo,PAN,3,1,1.0986122886681098,2067.0,7.633853559681768
11,Guanajuato,2021,732.0,11.602538863750055,2.451223941728968,6.595780513961311,474.0,7.513119428166019,2.0166507494627326,17,2.833213344056216,18,2.8903717578961645,135.0,4.90527477843843,39.0,3.6635616461296463,117881220.0,112797439.4059728,18.54110419646892,6308964,2823,44.74585684749509,3.8009988560211454,171901.1446253299,12.054674850018522,0,Diego Sinhue Rodríguez Vallejo,PAN,3,1,1.0986122886681098,1586.0,7.368970402194793
11,Guanajuato,2022,1649.0,25.924354964631885,3.25518287298183,7.407924322559599,1193.0,18.755461172107847,2.931484972520148,18,2.8903717578961645,22,3.091042453358316,126.0,4.836281906951478,43.0,3.7612001156935615,120575077.0,108177890.72312938,18.499287566372484,6360814,2634,41.40979440681649,3.7235174327254574,174650.4000903029,12.07054154104428,0,Diego Sinhue Rodríguez Vallejo,PAN,3,1,1.0986122886681098,1439.0,7.271703706887368
11,Guanajuato,2023,2036.0,31.70113490374361,3.456352481622305,7.618742377670413,1376.0,21.424735573453447,3.064546122445181,22,3.091042453358316,30,3.4011973816621555,136.0,4.912654885736052,44.0,3.784189633918261,136673832.0,117161719.27237816,18.57906575438406,6422483,2581,40.1869495022408,3.693542303670506,175279.7414956178,12.074138499460055,0,Diego Sinhue Rodríguez Vallejo,PAN,3,1,1.0986122886681098,927.0,6.831953565565855
11,Guanajuato,2024,2361.0,36.42653950343267,3.5952976162103014,7.766840537085513,1672.0,25.796346484430085,3.2502328727694354,30,3.4011973816621555,0,,135.0,4.90527477843843,42.0,3.737669618283368,145995575.0,119301797.752809,18.597166956131545,6481538,2553,39.3887993868122,3.673481496366272,180616.9921398285,12.104134002692083,0,Libia Dennise García Muñoz Ledo,PAN,3,1,1.0986122886681098,743.0,6.610696044717759
12,Guerrero,2019,2013.0,55.84651723584985,4.0226071643201164,7.607381425639791,864.0,23.969891153390105,3.176798507484381,12,2.4849066497880004,12,2.4849066497880004,183.0,5.209486152841421,76.0,4.330733340286331,79840404.62,83504585.84696482,18.24041210863595,3604522,1580,43.833828729579125,3.7804058647013377,87985.82031126457,11.384930947650515,0,Héctor Astudillo Flores,PRI,2,1,0.6931471805599453,582.0,6.366470447731438
12,Guerrero,2020,1053.0,29.25036562957037,3.3758920737559914,6.959398512133975,532.0,14.777962502309055,2.69313705096366,12,2.4849066497880004,12,2.4849066497880004,179.0,5.187385805840755,75.0,4.31748811353631,82340404.62,82340404.62,18.226372488309018,3599955,1222,33.94486875530389,3.524737701353556,80547.71795758558,11.296605057447566,0,Héctor Astudillo Flores,PRI,2,1,0.6931471805599453,515.0,6.244166900663736
12,Guerrero,2021,1010.0,28.068560655325854,3.3346501120845846,6.917705609835305,500.0,13.89532705709201,2.631552600671472,12,2.4849066497880004,15,2.70805020110221,175.0,5.1647859739235145,75.0,4.31748811353631,85426741.96,81742602.84956989,18.21908587862707,3598332,1166,32.40390269713856,3.478278869159717,84381.70268891253,11.3431058642957,0,Héctor Astudillo Flores,PRI,2,1,0.6931471805599453,180.0,5.19295685089021
12,Guerrero,2022,1119.0,31.083756417795687,3.4366853810595583,7.020190708311925,723.0,20.08360669353555,2.9999038949063976,15,2.70805020110221,15,2.70805020110221,164.0,5.099866427824199,70.0,4.248495242049359,92470801.0,82963216.40050241,18.233907891631848,3599951,1137,31.583763223443874,3.452643166498169,86141.69998424979,11.363748893545129,1,Evelyn Salgado Pineda,MORENA,2,1,0.6931471805599453,118.0,4.770684624465665
12,Guerrero,2023,1581.0,43.865307702231966,3.7811237503108326,7.365812837209472,493.0,13.678429283491688,2.615820087144051,15,2.70805020110221,13,2.5649493574615367,200.0,5.298317366548036,92.0,4.5217885770490405,98493585.0,84432239.78603391,18.25145987461353,3604215,1401,38.87115502266097,3.660252459438368,86192.24463579449,11.364335483181955,1,Evelyn Salgado Pineda,MORENA,2,1,0.6931471805599453,314.0,5.749392985908253
12,Guerrero,2024,588.0,16.302842489310965,2.7913394784565706,6.376726947898627,429.0,11.894420795772795,2.4760694494859607,13,2.5649493574615367,0,,207.0,5.332718793265369,95.0,4.553876891600541,101889676.0,83260205.1072523,18.237481263182936,3606733,1398,38.76083979601484,3.6574104533516993,87064.86562770243,11.374408701756206,1,Evelyn Salgado Pineda,MORENA,2,1,0.6931471805599453,336.0,5.817111159963204
13,Hidalgo,2019,7828.0,252.9136930407056,5.533048296301543,8.965462328515967,1708.0,55.18351912538645,4.010664342134092,19,2.9444389791664403,19,2.9444389791664403,105.0,4.653960350157523,53.0,3.970291913552122,46970749.0,49126416.14023344,17.709907455020307,3095127,287,9.272640508773954,2.2270681835451978,132229.28041401855,11.792292667609257,0,Omar Fayad Meneses,PRI,4,1,1.3862943611198906,2887.0,7.967973179662935
13,Hidalgo,2020,4971.0,158.80946889078726,5.067705174811109,8.511376306094673,999.0,31.915240277991646,3.4630836473649897,19,2.9444389791664403,15,2.70805020110221,107.0,4.672828834461906,54.0,3.9889840465642745,47083040.18,47083040.18,17.667423413037845,3130166,296,9.4563674897753,2.2466883230404964,116588.000125233,11.666401632724495,0,Omar Fayad Meneses,PRI,4,1,1.3862943611198906,1485.0,7.3031700512368
13,Hidalgo,2021,5003.0,158.42571138780988,5.065285785575449,8.517793011488205,1026.0,32.489462299398944,3.4809157998179585,15,2.70805020110221,11,2.3978952727983707,103.0,4.634728988229636,49.0,3.8918202981106265,47880381.02,45815477.45127121,17.64013252761431,3157947,241,7.631540364673632,2.032289707577899,124119.25880960004,11.728998146981484,0,Omar Fayad Meneses,PRI,4,1,1.3862943611198906,579.0,6.361302477572996
13,Hidalgo,2022,1112.0,34.85531752034507,3.5512057086471214,7.013915474810528,0.0,0.0,,11,2.3978952727983707,18,2.8903717578961645,76.0,4.330733340286331,30.0,3.4011973816621555,47837353.0,42918852.50314014,17.574821739655018,3190331,274,8.588450540085026,2.150418340224664,135174.65178378043,11.814322938206796,0,Omar Fayad Meneses,PRI,4,1,1.3862943611198906,576.0,6.356107660695892
13,Hidalgo,2023,770.0,23.855250060335194,3.1720043214256086,6.646390514847729,340.0,10.533487039628527,2.354559424188086,18,2.8903717578961645,20,2.995732273553991,70.0,4.248495242049359,29.0,3.367295829986474,44235369.0,37920147.616026886,17.45099312817123,3227801,219,6.784804887290139,1.91468553639438,136794.16698860924,11.826232644289366,1,Julio Menchaca Salazar,MORENA,4,1,1.3862943611198906,387.0,5.958424693029782
13,Hidalgo,2024,503.0,15.408674501707056,2.7349306301689555,6.220590170099739,33.0,1.0109070746646776,0.0108480215356966,20,2.995732273553991,0,,73.0,4.290459441148391,30.0,3.4011973816621555,51802030.0,42330565.88355465,17.56101998078844,3264395,246,7.535852738409414,2.019671996001579,139111.93865938403,11.843034202117703,1,Julio Menchaca Salazar,MORENA,4,1,1.3862943611198906,469.0,6.150602768446279
14,Jalisco,2019,20486.0,243.203832377641,5.493899908099602,9.92749700499648,9593.0,113.88530528159278,4.735191847921069,25,3.218875824868201,25,3.218875824868201,337.0,5.820082930352362,146.0,4.983606621708336,144964917.07,151617911.0048948,18.83687417066408,8423387,2017,23.94523723058195,3.175769441057333,209787.7396586433,12.253851535003404,0,Enrique Alfaro Ramírez,MC,5,1,1.6094379124341005,1707.0,7.442492722794441
14,Jalisco,2020,9304.0,109.36024491805152,4.694647431971083,9.1381996941985,8786.0,103.27161563306112,4.637362562308307,25,3.218875824868201,20,2.995732273553991,359.0,5.883322388488279,150.0,5.010635294096256,145818255.59,145818255.59,18.79787157950869,8507662,1754,20.61670997272811,3.0261019107047105,190911.3068901891,12.159564237347952,0,Enrique Alfaro Ramírez,MC,5,1,1.6094379124341005,1655.0,7.411556287811163
14,Jalisco,2021,7703.0,89.84717582088044,4.498110180580648,8.949365142352965,6972.0,81.320850295103,4.398402444867593,20,2.995732273553991,23,3.1354942159291497,333.0,5.808142489980444,144.0,4.969813299576001,150819029.21,144314762.84842166,18.787507325153,8573447,1816,21.181678734352705,3.0531365973889204,199742.65881622644,12.204785111094465,0,Enrique Alfaro Ramírez,MC,5,1,1.6094379124341005,,
14,Jalisco,2022,8313.0,96.12642758672366,4.565664279072861,9.025575833531088,8001.0,92.51865116340382,4.527410258391897,23,3.1354942159291497,29,3.367295829986474,308.0,5.730099782973574,119.0,4.77912349311153,165334885.0,148335622.64489502,18.8149879849044,8647986,1600,18.50141755548633,2.9178473537696457,207857.3049262568,12.244607089246063,0,Enrique Alfaro Ramírez,MC,5,1,1.6094379124341005,2646.0,7.880804344674901
14,Jalisco,2023,3047.0,34.880615455695725,3.5519312438305137,8.021912778985708,3047.0,34.880615455695725,3.5519312438305137,29,3.367295829986474,34,3.5263605246161616,342.0,5.834810737062605,98.0,4.584967478670572,155255437.0,133090538.68705748,18.70654019659424,8735511,1450,16.598914476783328,2.8093373002594246,211735.89284015555,12.26309498852475,0,Enrique Alfaro Ramírez,MC,5,1,1.6094379124341005,3594.0,8.187021067343505
14,Jalisco,2024,2976.0,33.73799656838321,3.518624696824415,7.998335395952982,184.0,2.0859514007333706,0.7352250584804183,34,3.5263605246161616,0,,331.0,5.802118375377063,111.0,4.709530201312334,164748036.0,134625565.67926458,18.718007895320685,8820915,1440,16.32483704921768,2.792687693441479,211322.6543958308,12.261141412224497,0,Enrique Alfaro Ramírez,MC,5,1,1.6094379124341005,3449.0,8.145839612936841
15,State of Mexico,2019,9137.0,53.303330545171086,3.975998815995775,9.12008738299862,9137.0,53.303330545171086,3.975998815995775,113,4.727387818712341,114,4.736198448394496,346.0,5.846438775057725,151.0,5.017279836814924,289790756.0,303090361.042547,19.52954154027705,17141518,2539,14.81199039664982,2.6954370147018327,128906.14845196324,11.766839887184291,0,Alfredo Del Mazo Maza,PRI,3,1,1.0986122886681098,3172.0,8.06211758275474
15,State of Mexico,2020,7449.0,43.2157081702229,3.766204044209589,8.915835074176277,7449.0,43.2157081702229,3.766204044209589,114,4.736198448394496,117,4.762173934797756,342.0,5.834810737062605,173.0,5.153291594497779,243863087.91,243863087.91,19.31211751065052,17236788,2441,14.16157116975622,2.650532040426272,118084.20002613016,11.679153208528708,0,Alfredo Del Mazo Maza,PRI,3,1,1.0986122886681098,4113.0,8.321907968230423
15,State of Mexico,2021,10118.0,58.515821769065504,4.069297175261613,9.22207129485188,10118.0,58.515821769065504,4.069297175261613,117,4.762173934797756,115,4.74493212836325,374.0,5.924255797414532,140.0,4.941642422609304,263456680.31,252094769.06810072,19.34531564251051,17291050,2346,13.567712776262864,2.607692909623152,125124.72388894834,11.737066309933356,0,Alfredo Del Mazo Maza,PRI,3,1,1.0986122886681098,2841.0,7.951911381854188
15,State of Mexico,2022,6850.0,39.41392585486791,3.67411920194892,8.83200393125627,6850.0,39.41392585486791,3.67411920194892,115,4.74493212836325,139,4.934473933130692,277.0,5.6240175061873385,125.0,4.8283137373023015,274337772.0,246131143.0109456,19.32137505351893,17379644,2257,12.9864570298448,2.563907047510184,127646.61502847816,11.757020904718958,0,Alfredo Del Mazo Maza,PRI,3,1,1.0986122886681098,4752.0,8.466320861042481
15,State of Mexico,2023,5262.0,30.066475365717363,3.4034107758209378,8.568266461600238,5262.0,30.066475365717363,3.4034107758209378,139,4.934473933130692,154,5.0369526024136295,320.0,5.768320995793772,129.0,4.859812404361672,283345467.0,242893914.4821438,19.308135340065075,17501220,2254,12.879102142593489,2.555606008820421,129493.00003085502,11.771382104844978,1,Delfina Gómez Álvarez,MORENA,3,1,1.0986122886681098,3689.0,8.213110697596676
15,State of Mexico,2024,5393.0,30.61418306906816,3.421463400565014,8.592857095337227,5393.0,30.61418306906816,3.421463400565014,154,5.0369526024136295,0,,316.0,5.755742213586912,129.0,4.859812404361672,300958697.0,245931519.5097038,19.32056367916604,17616018,1964,11.148944103031685,2.4113447941421984,131310.2840834972,11.785318382307397,1,Delfina Gómez Álvarez,MORENA,3,1,1.0986122886681098,4596.0,8.432941638968646
16,Michoacan,2019,2273.0,47.37043051447664,3.857998205230369,7.728855823852543,821.0,17.110041114115845,2.839665490830253,4,1.3862943611198906,4,1.3862943611198906,183.0,5.209486152841421,66.0,4.189654742026425,82640994.16,86433705.14161402,18.274888263508515,4798352,1680,35.012020793805874,3.55569145377513,132468.02256274657,11.794096556132352,0,Silvano Aureoles Conejo,PRD,1,1,0.0,232.0,5.44673737166631
16,Michoacan,2020,2458.0,50.88745611785022,3.929616451492203,7.80710329012598,805.0,16.665745392542483,2.8133554387847863,4,1.3862943611198906,5,1.6094379124341005,199.0,5.293304824724492,74.0,4.30406509320417,71844210.85,71844210.85,18.090010594522205,4830267,1976,40.90871167163223,3.711343039674036,124462.82182744764,11.731762330431252,0,Silvano Aureoles Conejo,PRD,1,1,0.0,656.0,6.486160788944089
16,Michoacan,2021,2720.0,55.93718747410077,4.024229408964285,7.908387159290043,1169.0,24.040651528391106,3.1797462111463104,5,1.6094379124341005,6,1.791759469228055,270.0,5.598421958998375,88.0,4.477336814478207,88653166.19,84829883.34752697,18.256158436650672,4862597,2233,45.92196309914229,3.8269435015144,129368.36159772237,11.770419130363347,0,Silvano Aureoles Conejo,PRD,1,1,0.0,434.0,6.073044534100405
16,Michoacan,2022,1850.0,37.74350169111289,3.6308133202443633,7.52294091807237,1573.0,32.09217738384896,3.46861230523027,6,1.791759469228055,11,2.3978952727983707,243.0,5.493061443340548,68.0,4.219507705176107,101429076.0,91000427.05903465,18.32637475742653,4901506,1969,40.17132693502773,3.693153480811119,133033.97751629807,11.79835984462433,1,Alfredo Ramírez Bedolla,MORENA,1,1,0.0,316.0,5.755742213586912
16,Michoacan,2023,1962.0,39.63155180552826,3.67962556377935,7.581719640125308,1691.0,34.15746896184928,3.530981272552622,11,2.3978952727983707,16,2.772588722239781,193.0,5.262690188904886,45.0,3.80666248977032,104779927.0,89821118.00709791,18.31333067274188,4950601,1438,29.04697833656964,3.368914461935033,136648.56266946174,11.825167672965453,1,Alfredo Ramírez Bedolla,MORENA,1,1,0.0,302.0,5.71042701737487
16,Michoacan,2024,1350.0,27.00727035718015,3.296106102245153,7.2078598714324755,1070.0,21.40576243124649,3.0636601582686303,16,2.772588722239781,0,,198.0,5.288267030694535,54.0,3.9889840465642745,108805145.0,88911252.29826353,18.303149265008404,4998654,1246,24.92671027040479,3.2159399301600766,136325.86492283724,11.822803364339237,1,Alfredo Ramírez Bedolla,MORENA,1,1,0.0,472.0,6.156978985585555
17,Morelos,2019,534.0,26.795109240248262,3.2882193798277832,6.280395838960195,534.0,26.795109240248262,3.2882193798277832,6,1.791759469228055,6,1.791759469228055,53.0,3.970291913552122,15.0,2.70805020110221,15800000.0,16525122.36957704,16.620392348792734,1992901,911,45.712255651434766,3.822366438127547,135323.33066218547,11.81542223582102,1,Cuauhtémoc Blanco Bravo,MORENA,0,0,,834.0,6.726233402358747
17,Morelos,2020,471.0,23.51761624243417,3.157749767657501,6.154858094016418,471.0,23.51761624243417,3.157749767657501,6,1.791759469228055,5,1.6094379124341005,53.0,3.970291913552122,15.0,2.70805020110221,15800000.0,15800000.0,16.575520497997196,2002754,802,40.04485823021699,3.690000281507598,122325.9601528695,11.714444565322264,1,Cuauhtémoc Blanco Bravo,MORENA,0,0,,10.0,2.302585092994046
17,Morelos,2021,349.0,17.378106772283065,2.855211182504657,5.855071922202427,349.0,17.378106772283065,2.855211182504657,5,1.6094379124341005,5,1.6094379124341005,50.0,3.912023005428146,20.0,2.995732273553991,15800000.0,15118604.495392654,16.531436629177925,2008274,1035,51.536792290295054,3.942295966001699,129433.80484933828,11.770924869970624,1,Cuauhtémoc Blanco Bravo,MORENA,0,0,,667.0,6.502790045915623
17,Morelos,2022,287.0,14.228502814467266,2.655247193247216,5.659482215759621,287.0,14.228502814467266,2.655247193247216,5,1.6094379124341005,9,2.19722457733622,52.0,3.951243718581428,15.0,2.70805020110221,29451904.0,26423743.046832945,17.089773521771185,2017078,1041,51.60930811798056,3.943702046102562,128958.55440394473,11.767246348030795,1,Cuauhtémoc Blanco Bravo,MORENA,0,0,,524.0,6.261491684321042
17,Morelos,2023,321.0,15.806135045451256,2.760398158682211,5.771441123130016,321.0,15.806135045451256,2.760398158682211,9,2.19722457733622,12,2.4849066497880004,52.0,3.951243718581428,15.0,2.70805020110221,34355035.0,29450370.325921103,17.198217042716973,2030857,1302,64.1108655114565,4.160613858320709,131858.19040927058,11.789482308997137,1,Cuauhtémoc Blanco Bravo,MORENA,0,0,,659.0,6.490723534502507
17,Morelos,2024,295.0,14.433304434106828,2.669538344082452,5.68697535633982,295.0,14.433304434106828,2.669538344082452,12,2.4849066497880004,0,,54.0,3.9889840465642745,17.0,2.833213344056216,36586880.0,29897348.314606745,17.213280349297946,2043884,1323,64.72970090279097,4.170220151857588,132697.7656266207,11.795829382398743,1,Lucy Meza,MORENA,0,0,,625.0,6.437751649736401
18,Nayarit,2019,534.0,43.03297018556558,3.761966570393626,6.280395838960195,534.0,43.03297018556558,3.761966570393626,3,1.0986122886681098,3,1.0986122886681098,45.0,3.80666248977032,12.0,2.4849066497880004,17914275.0,18736429.52767435,16.745980289817016,1240909,168,13.538462530290296,2.605534710836691,126651.7149927996,11.749196196536715,0,Antonio Echevarría García,PAN,0,0,,121.0,4.795790545596741
18,Nayarit,2020,355.0,28.339014440923133,3.344239457402468,5.872117789475416,355.0,28.339014440923133,3.344239457402468,3,1.0986122886681098,2,0.6931471805599453,48.0,3.871201010907891,13.0,2.5649493574615367,17918952.93,17918952.93,16.70136953355841,1252690,159,12.692685341145856,2.5410258701472834,113839.21321316526,11.642542321400825,0,Antonio Echevarría García,PAN,0,0,,198.0,5.288267030694535
18,Nayarit,2021,398.0,31.464141945970216,3.4488485464964684,5.986452005284438,398.0,31.464141945970216,3.4488485464964684,2,0.6931471805599453,3,1.0986122886681098,47.0,3.8501476017100575,14.0,2.6390573296152584,17914275.0,17141698.642196216,16.657024570202207,1264932,201,15.89018223904526,2.7657014492711065,123302.01070097048,11.722391996407715,0,Antonio Echevarría García,PAN,0,0,,56.0,4.02535169073515
18,Nayarit,2022,415.0,32.45724832923381,3.4799237873666704,6.028278520230698,415.0,32.45724832923381,3.4799237873666704,3,1.0986122886681098,4,1.3862943611198906,38.0,3.6375861597263857,15.0,2.70805020110221,20271173.0,18186948.681141216,16.716214789372135,1278605,150,11.73153554068692,2.462280561232228,127170.66255802222,11.753285263019482,1,Miguel Ángel Navarro Quintero,MORENA,0,0,,106.0,4.663439094112067
18,Nayarit,2023,412.0,31.836207349527555,3.460604237974521,6.021023349349527,412.0,31.836207349527555,3.460604237974521,4,1.3862943611198906,4,1.3862943611198906,39.0,3.6635616461296463,19.0,2.9444389791664403,21719596.0,18618818.043101825,16.739683349984315,1294124,120,9.27268175228958,2.227072631407041,125250.69313296098,11.738072552927497,1,Miguel Ángel Navarro Quintero,MORENA,0,0,,195.0,5.272999558563747
18,Nayarit,2024,368.0,28.103788512881923,3.335904389774449,5.908082938168931,368.0,28.103788512881923,3.335904389774449,4,1.3862943611198906,0,,31.0,3.4339872044851463,14.0,2.6390573296152584,22077328.0,18040717.46680286,16.70814184269499,1309432,144,10.997134635475534,2.397634751181519,121999.2118720178,11.7117698636291,1,Miguel Ángel Navarro Quintero,MORENA,0,0,,190.0,5.247024072160486
19,Nuevo Leon,2019,9832.0,169.73957095181396,5.134265326859616,9.19339765124587,1262.0,21.78715811037319,3.0813207187149034,34,3.5263605246161616,34,3.5263605246161616,104.0,4.6443908991413725,24.0,3.1780538303479458,67701821.0,70808916.24482283,18.075495486396058,5792403,889,15.347689033376994,2.730964911127649,331265.79866766866,12.710676349236318,0,Jaime Rodríguez Calderón,IND,0,0,,1092.0,6.9957661563048505
19,Nuevo Leon,2020,6722.0,113.81701671071532,4.734592042242082,8.81314100828505,811.0,13.731865598391863,2.6197190880724435,34,3.5263605246161616,33,3.49650756146648,106.0,4.663439094112067,25.0,3.218875824868201,67639183.0,67639183.0,18.02969800327002,5905971,847,14.341418202019616,2.6631517286090847,295153.0955705675,12.59524946874044,0,Jaime Rodríguez Calderón,IND,0,0,,1108.0,7.010311867307229
19,Nuevo Leon,2021,8046.0,134.16918657721163,4.89910158995608,8.992930352509733,1336.0,22.27815476847561,3.1036065915429374,33,3.49650756146648,36,3.58351893845611,108.0,4.68213122712422,22.0,3.091042453358316,71151680.28,68083171.73012334,18.0362406294245,5996906,1003,16.725291341901972,2.816922025408282,311139.65668296284,12.647997147223917,0,Jaime Rodríguez Calderón,IND,0,0,,784.0,6.664409020350408
19,Nuevo Leon,2022,8625.0,141.4978726922722,4.952284682993406,9.06242024189956,1092.0,17.914861099125943,2.885630597398696,36,3.58351893845611,48,3.871201010907891,119.0,4.77912349311153,24.0,3.1780538303479458,92671879.0,83143620.13278306,18.23608003345307,6095498,1328,21.78657100699565,3.081293771130225,316407.0317142257,12.664784738757085,0,Samuel García Sepúlveda,MC,0,0,,489.0,6.192362489474872
19,Nuevo Leon,2023,12146.0,195.8352204468352,5.27727359362804,9.40475517645752,1708.0,27.53882401804664,3.3155967915190345,48,3.871201010907891,66,4.189654742026425,124.0,4.820281565605037,24.0,3.1780538303479458,146696385.0,125753411.79899532,18.649833498178417,6202153,1338,21.57315370968759,3.071449657858693,321101.3498054627,12.67951208376065,0,Samuel García Sepúlveda,MC,0,0,,500.0,6.214608098422191
19,Nuevo Leon,2024,11407.0,180.82815713328003,5.197547172189066,9.341982481027898,1707.0,27.06002141023136,3.298057413955609,66,4.189654742026425,0,,119.0,4.77912349311153,24.0,3.1780538303479458,125338788.0,102421890.09193055,18.444611018153047,6308199,1539,24.39682070904865,3.1944528250000475,326558.430544122,12.69636417200604,0,Samuel García Sepúlveda,MC,0,0,,1120.0,7.02108396428914
20,Oaxaca,2019,12525.0,299.6246618009057,5.702530564012671,9.435481925953065,2973.0,71.1204885855563,4.264375461057703,15,2.70805020110221,16,2.772588722239781,155.0,5.043425116919247,66.0,4.189654742026425,40604284.0,42467769.7360164,17.564255987042326,4180230,1011,24.185272102252743,3.185743857080076,87881.20414426958,11.383741228547022,0,Alejandro Murat Hinojosa,PRI,7,1,1.9459101490553128,266.0,5.583496308781699
20,Oaxaca,2020,9590.0,228.0919360343636,5.429748775900682,9.168476167877484,2360.0,56.131070807205234,4.027689506042854,16,2.772588722239781,12,2.4849066497880004,160.0,5.075173815233827,77.0,4.343805421853684,40604284.0,40604284.0,17.51938413624679,4204445,809,19.24154079789366,2.95707152508169,83462.00390301217,11.332146764197727,0,Alejandro Murat Hinojosa,PRI,7,1,1.9459101490553128,382.0,5.945420608606575
20,Oaxaca,2021,2679.0,63.463290549110255,4.150461637144679,7.893198869544609,2294.0,54.34295950715153,3.995315065289386,12,2.4849066497880004,13,2.5649493574615367,158.0,5.062595033026967,68.0,4.219507705176107,40604284.0,38853171.55788608,17.475300267427517,4221338,736,17.435230251640593,2.8584928863289463,91302.34489633382,11.421931749674208,0,Alejandro Murat Hinojosa,PRI,7,1,1.9459101490553128,260.0,5.560681631015528
20,Oaxaca,2022,2729.0,64.29439434869002,4.163472447796085,7.911690520708339,2387.0,56.23698032624516,4.029574553426576,13,2.5649493574615367,25,3.218875824868201,158.0,5.062595033026967,74.0,4.30406509320417,40604284.0,36429467.07338955,17.410888540093488,4244538,826,19.460304042512988,2.968376700608724,97891.15116886693,11.49161143800722,1,Salomón Jara Cruz,MORENA,7,1,1.9459101490553128,278.0,5.627621113690637
20,Oaxaca,2023,2700.0,63.131770736273104,4.145224141032153,7.90100705199242,2281.0,53.33465520349591,3.976586311324121,25,3.218875824868201,39,3.6635616461296463,130.0,4.867534450455582,65.0,4.174387269895637,41655639.0,35708710.37426921,17.390905205064385,4276769,852,19.921580987890625,2.9918036158690486,103670.13135383277,11.548969323354386,1,Salomón Jara Cruz,MORENA,7,1,1.9459101490553128,278.0,5.627621113690637
20,Oaxaca,2024,2531.0,58.743756299983545,4.07318487163164,7.836369760545124,2309.0,53.59120240879574,3.981384920441012,39,3.6635616461296463,0,,113.0,4.727387818712341,58.0,4.060443010546419,47155639.0,38533719.30541369,17.467044242060755,4308543,877,20.354908840413103,3.0133221034586994,108476.20947498958,11.5942861604084,1,Salomón Jara Cruz,MORENA,7,1,1.9459101490553128,158.0,5.062595033026967
21,Puebla,2019,7876.0,118.66623133617183,4.7763147736617855,8.971575439759016,1710.0,25.76425286755381,3.248987983399476,21,3.044522437723423,22,3.091042453358316,61.0,4.110873864173311,24.0,3.1780538303479458,21854993.48,22858002.63565243,16.944811838745142,6637103,1109,16.709097327553906,2.815953321253137,129109.15003127122,11.76841344985588,1,Miguel Barbosa Huerta,MORENA,2,1,0.6931471805599453,1299.0,7.1693500166706
21,Puebla,2020,5997.0,89.43782132628967,4.49354365005699,8.69901462316851,5997.0,89.43782132628967,4.49354365005699,22,3.091042453358316,21,3.044522437723423,70.0,4.248495242049359,21.0,3.044522437723423,43865271.18,43865271.18,17.59663347567529,6705217,872,13.004799098970247,2.56531845079746,114419.87873024838,11.647630107956973,1,Miguel Barbosa Huerta,MORENA,2,1,0.6931471805599453,972.0,6.879355804460439
21,Puebla,2021,5775.0,85.44605801454432,4.447885276426615,8.661293535389994,5775.0,85.44605801454432,4.447885276426615,21,3.044522437723423,21,3.044522437723423,72.0,4.276666119016055,22.0,3.091042453358316,35230000.0,33710660.52991666,17.33332468149815,6758650,797,11.7922957987172,2.467446419826836,117608.7197887152,11.675118459561071,1,Miguel Barbosa Huerta,MORENA,2,1,0.6931471805599453,589.0,6.3784261836515865
21,Puebla,2022,9031.0,132.32651284985536,4.885272450513424,9.108418382250798,9031.0,132.32651284985536,4.885272450513424,21,3.044522437723423,31,3.4339872044851463,80.0,4.382026634673881,34.0,3.5263605246161616,44471502.0,39899068.72420599,17.50186354134224,6824785,914,13.39236327591272,2.5946846397167755,121000.55635452252,11.703550422539568,1,Miguel Barbosa Huerta,MORENA,2,1,0.6931471805599453,510.0,6.234410725718371
21,Puebla,2023,8378.0,121.28984175135696,4.798183067606911,9.03336450150698,8378.0,121.28984175135696,4.798183067606911,31,3.4339872044851463,44,3.784189633918261,104.0,4.6443908991413725,36.0,3.58351893845611,56791323.0,48683562.50107155,17.700852005432868,6907421,852,12.3345601781041,2.5124050929292467,123449.2094806441,11.723585091193844,1,Miguel Barbosa Huerta,MORENA,2,1,0.6931471805599453,791.0,6.673297967767654
21,Puebla,2024,9502.0,135.94868344959983,4.912277486953617,9.159257581746866,9502.0,135.94868344959983,4.912277486953617,44,3.784189633918261,0,,100.0,4.605170185988092,34.0,3.5263605246161616,56009390.0,45768653.72829418,17.63910999835179,6989402,880,12.590490574157846,2.532941812679004,126242.50701276018,11.745959994982323,1,Alejandro Armenta Mier,MORENA,2,1,0.6931471805599453,793.0,6.675823221634848
22,Queretaro,2019,781.0,33.02821353733858,3.4973621518769784,6.660575149839686,761.0,32.18242061704822,3.4714203598989783,13,2.5649493574615367,13,2.5649493574615367,63.0,4.143134726391533,23.0,3.1354942159291497,31432683.31,32875249.24695645,17.30823063008993,2364645,176,7.4429776985551745,2.0072709970754445,257589.72361601848,12.459123379621635,0,Francisco Domínguez Servién,PAN,1,1,0.0,978.0,6.885509670034818
22,Queretaro,2020,533.0,22.02644082057377,3.0922435871887988,6.278521424165844,528.0,21.819813795990527,3.0828184467292155,13,2.5649493574615367,12,2.4849066497880004,63.0,4.143134726391533,25.0,3.218875824868201,32167780.71,32167780.71,17.286475910512884,2419819,182,7.521223694830067,2.017728850099749,228783.19659445604,12.340530094333026,0,Francisco Domínguez Servién,PAN,1,1,0.0,408.0,6.0112671744041615
22,Queretaro,2021,406.0,16.486077791547757,2.802516254522858,6.0063531596017325,406.0,16.486077791547757,2.802516254522858,12,2.4849066497880004,13,2.5649493574615367,63.0,4.143134726391533,26.0,3.258096538021482,35150226.0,33634326.887194164,17.331057736968493,2462684,185,7.512129042946639,2.0165189199994504,234774.37949814103,12.366380244705384,0,Francisco Domínguez Servién,PAN,1,1,0.0,155.0,5.043425116919247
22,Queretaro,2022,426.0,16.984196723246104,2.83228330719104,6.054439346269371,426.0,16.984196723246104,2.83228330719104,13,2.5649493574615367,20,2.995732273553991,64.0,4.158883083359672,29.0,3.367295829986474,36294701.0,32562983.13296249,17.298686714464527,2508214,166,6.618255061171017,1.8898317492782128,234916.65264606613,12.366986060624953,0,Mauricio Kuri González,PAN,1,1,0.0,383.0,5.948034989180646
22,Queretaro,2023,310.0,12.11924555741688,2.4947947309658165,5.736572297479192,294.0,11.493736109292138,2.441802200825306,20,2.995732273553991,23,3.1354942159291497,63.0,4.143134726391533,28.0,3.332204510175204,45326510.0,38855512.884256005,17.475360526493475,2557915,179,6.997886950895553,1.94560823932738,239857.35022469476,12.387799651550068,0,Mauricio Kuri González,PAN,1,1,0.0,844.0,6.738152494595957
22,Queretaro,2024,308.0,11.815714747162886,2.469430403702306,5.730099782973574,291.0,11.163548673455844,2.412653887900224,23,3.1354942159291497,0,,61.0,4.110873864173311,28.0,3.332204510175204,51015895.0,41688167.51787539,17.545727893934718,2606698,174,6.675111577942669,1.8983859199432604,238470.32874540891,12.38200017379518,0,Mauricio Kuri González,PAN,1,1,0.0,1191.0,7.0825485693553
23,Quintana Roo,2019,1937.0,105.1877033022531,4.655746404709733,7.5688956634069955,1937.0,105.1877033022531,4.655746404709733,12,2.4849066497880004,12,2.4849066497880004,134.0,4.897839799950911,42.0,3.737669618283368,63091997.0,65987529.8079739,18.004976339835427,1841470,685,37.19854246878852,3.616269579564962,204595.93042514948,12.228792241906683,0,Carlos Manuel Joaquín González,PRD-PRI,0,0,,2059.0,7.629975707027789
23,Quintana Roo,2020,1587.0,83.60371522899358,4.426087959641405,7.369600720526409,1587.0,83.60371522899358,4.426087959641405,12,2.4849066497880004,15,2.70805020110221,138.0,4.927253685157205,44.0,3.784189633918261,67894804.51,67894804.51,18.03347007281197,1898241,581,30.60728326908965,3.421237995966908,154212.99613694995,11.946090017603693,0,Carlos Manuel Joaquín González,PRD-PRI,0,0,,2487.0,7.818832443803404
23,Quintana Roo,2021,1555.0,80.29067807155732,4.385653525441257,7.349230824613334,1555.0,80.29067807155732,4.385653525441257,15,2.70805020110221,19,2.9444389791664403,142.0,4.955827057601261,43.0,3.7612001156935615,66718312.55,63840998.73692671,17.971906155358873,1936713,585,30.20581779540903,3.408034548059779,171704.39037689113,12.053529616604616,0,Carlos Manuel Joaquín González,PRD-PRI,0,0,,747.0,6.616065185132817
23,Quintana Roo,2022,1768.0,89.4211447626167,4.493357172810857,7.477604243197589,1768.0,89.4211447626167,4.493357172810857,19,2.9444389791664403,27,3.295836866004329,142.0,4.955827057601261,43.0,3.7612001156935615,65661902.0,58910732.10120222,17.891533840872732,1977161,562,28.42459465870509,3.34725477950696,180424.13996634568,12.1030656912191,1,Mara Lezama Espinosa,MORENA,0,0,,762.0,6.635946555686647
23,Quintana Roo,2023,1800.0,89.12629493079343,4.490054408006676,7.495541943884256,1800.0,89.12629493079343,4.490054408006676,27,3.295836866004329,29,3.367295829986474,142.0,4.955827057601261,43.0,3.7612001156935615,65020184.0,55737637.800675504,17.83616620023014,2019606,629,31.144688617482817,3.4386437208228604,197483.69335405025,12.193411294618665,1,Mara Lezama Espinosa,MORENA,0,0,,1083.0,6.987490247000991
23,Quintana Roo,2024,1663.0,80.6838575519945,4.390538524932527,7.416378479192928,1190.0,57.73529193437973,4.055868631845175,29,3.367295829986474,0,,135.0,4.90527477843843,37.0,3.610917912644224,72328911.0,59104319.509703785,17.894814567856173,2061131,569,27.606202614001727,3.31804047986593,185876.8064717866,12.13283940246055,1,Mara Lezama Espinosa,MORENA,0,0,,1080.0,6.984716320118266
24,San Luis Potosi,2019,6023.0,210.9088515184877,5.351426056819688,8.70334075304372,1339.0,46.88808769438072,3.8477636494671392,7,1.9459101490553128,8,2.079441541679836,94.0,4.543294782270004,35.0,3.555348061489413,45148883.0,47220937.74839979,17.670347948560405,2855736,453,15.862810848061589,2.763977429259001,187129.3144744472,12.1395551780998,0,Juan Manuel Carreras López,PRI,1,1,0.0,945.0,6.851184927493743
24,San Luis Potosi,2020,3353.0,116.76022923031223,4.760122509244626,8.117610746466228,970.0,33.777936878438084,3.5198078342758263,8,2.079441541679836,7,1.9459101490553128,90.0,4.499809670330265,36.0,3.58351893845611,47477764.0,47477764.0,17.67577203308375,2871697,621,21.62484412526809,3.0738428447118764,174200.4553405182,12.067961957292177,0,Juan Manuel Carreras López,PRI,1,1,0.0,932.0,6.837332814685591
24,San Luis Potosi,2021,3222.0,111.65038114293677,4.715372392010181,8.07775756373692,806.0,27.92992153979113,3.3296985707798896,7,1.9459101490553128,7,1.9459101490553128,86.0,4.454347296253507,33.0,3.49650756146648,45316135.34,43361818.19399658,17.585089846734892,2885794,614,21.276639981925253,3.057609756420404,178873.1226137417,12.094432021283012,0,Juan Manuel Carreras López,PRI,1,1,0.0,863.0,6.760414691083428
24,San Luis Potosi,2022,4104.0,141.23676464565713,4.950437664012613,8.319717386850606,983.0,33.829371258937854,3.5213293973091737,7,1.9459101490553128,9,2.19722457733622,74.0,4.30406509320417,28.0,3.332204510175204,46145231.0,41400709.67163108,17.53880858047546,2905759,547,18.82468573615362,2.9351690795839884,183357.65285421125,12.119193911675117,1,Ricardo Gallardo Cardona,MORENA,1,1,0.0,540.0,6.29156913955832
24,San Luis Potosi,2023,4527.0,154.44966517141287,5.039868251485341,8.417814747435958,1141.0,38.9280026420548,3.661713853911458,9,2.19722457733622,14,2.6390573296152584,72.0,4.276666119016055,29.0,3.367295829986474,44723940.0,38338968.230836496,17.461977384182536,2931052,433,14.772852886949805,2.6927912320518725,195696.6266719253,12.18432091599455,1,Ricardo Gallardo Cardona,MORENA,1,1,0.0,535.0,6.282266746896006
24,San Luis Potosi,2024,4100.0,138.70840819922316,4.932373946962997,8.318742252692399,935.0,31.63228333323748,3.454178223559285,14,2.6390573296152584,0,,79.0,4.3694478524670215,30.0,3.4011973816621555,45753085.0,37387607.763023496,17.436849864243797,2955841,377,12.754407290513935,2.545876881718609,196098.59325992168,12.186372838573403,1,Ricardo Gallardo Cardona,MORENA,1,1,0.0,683.0,6.52649485957079
25,Sinaloa,2019,4993.0,162.82905786122257,5.092700925732384,8.51579221050061,1145.0,37.34013043282592,3.620068631220114,6,1.791759469228055,6,1.791759469228055,71.0,4.262679877041316,37.0,3.610917912644224,26569641.62,27789023.99280425,17.140151680296043,3066406,822,26.80662638933005,3.2886491102879543,170343.5445273718,12.0455725270225,0,Quirino Ordaz Coppel,PRI,1,1,0.0,1465.0,7.289610521451167
25,Sinaloa,2020,2752.0,89.3572350949242,4.492642213088481,7.920083199053234,454.0,14.741346196619036,2.6906562120765947,6,1.791759469228055,8,2.079441541679836,69.0,4.23410650459726,34.0,3.5263605246161616,23763860.0,23763860.0,16.98367649717632,3079773,700,22.728947880249617,3.123639349078652,157268.95164026698,11.965712686475824,0,Quirino Ordaz Coppel,PRI,1,1,0.0,1574.0,7.361375428977347
25,Sinaloa,2021,655.0,21.150025363885376,3.0516411047296472,6.484635235635252,585.0,18.88971730972969,2.938617716326252,8,2.079441541679836,8,2.079441541679836,80.0,4.382026634673881,36.0,3.58351893845611,33745364.32,32290051.6903174,17.29026974354821,3096923,556,17.953303973008047,2.887774163344978,163849.41472551948,12.006703082106664,0,Quirino Ordaz Coppel,PRI,1,1,0.0,808.0,6.694562058521095
25,Sinaloa,2022,2715.0,87.06192459763922,4.466619642445842,7.906547232368036,594.0,19.047802287660296,2.9469517294404515,8,2.079441541679836,8,2.079441541679836,79.0,4.3694478524670215,28.0,3.332204510175204,38502633.0,34543901.84819666,17.35774159037664,3118470,435,13.949148139953246,2.635418441166491,165568.1372596177,12.01713809456798,1,Rubén Rocha Moya,MORENA,1,1,0.0,1003.0,6.910750787961936
25,Sinaloa,2023,3256.0,103.60521322595642,4.640587649273203,8.08825472712243,712.0,22.655685447445013,3.120410833562748,8,2.079441541679836,12,2.4849066497880004,79.0,4.3694478524670215,28.0,3.332204510175204,41313511.0,35415425.96053286,17.382658044784463,3142699,492,15.655333202447958,2.7508116386430803,164540.81444007202,12.010913930510547,1,Rubén Rocha Moya,MORENA,1,1,0.0,1889.0,7.543802867501509
25,Sinaloa,2024,2834.0,89.5224605346203,4.494489549490778,7.949444420250626,550.0,17.373801444615797,2.854963407466669,12,2.4849066497880004,0,,81.0,4.394449154672439,19.0,2.9444389791664403,43650551.0,35669500.30643514,17.389806548446234,3165686,805,25.428927568937663,3.235887406658716,162487.84118197445,11.99835845445697,1,Rubén Rocha Moya,MORENA,1,1,0.0,2009.0,7.605392364814935
26,Sonora,2019,1540.0,51.64883887373336,3.944467714649514,7.339537695407674,1540.0,51.64883887373336,3.944467714649514,12,2.4849066497880004,12,2.4849066497880004,79.0,4.3694478524670215,30.0,3.4011973816621555,40495538.0,42354032.96657324,17.561574203963325,2981674,1062,35.617575898639494,3.5728392210437234,262638.87131859484,12.478535254719526,0,Claudia Pavlovich Arellano,PRI,0,0,,691.0,6.53813982376767
26,Sonora,2020,1129.0,37.60467856826432,3.627128472662108,7.029087564149662,1129.0,37.60467856826432,3.627128472662108,12,2.4849066497880004,20,2.995732273553991,78.0,4.356708826689592,26.0,3.258096538021482,35014209.0,35014209.0,17.371264508498154,3002286,1330,44.29957705561696,3.790975129728245,243560.3963113441,12.403120224882231,0,Claudia Pavlovich Arellano,PRI,0,0,,815.0,6.703188113240863
26,Sonora,2021,1165.0,38.523259616678686,3.6512622047588392,7.060476365999801,1165.0,38.523259616678686,3.6512622047588392,20,2.995732273553991,29,3.367295829986474,78.0,4.356708826689592,29.0,3.367295829986474,39667870.0,37957141.62687667,17.451968229262746,3024147,1600,52.90748101861451,3.968544746986911,251618.1005751374,12.435667743093296,0,Claudia Pavlovich Arellano,PRI,0,0,,356.0,5.87493073085203
26,Sonora,2022,1411.0,46.2442825548606,3.833937835881352,7.252053951852814,1411.0,46.2442825548606,3.833937835881352,29,3.367295829986474,41,3.713572066704308,70.0,4.248495242049359,25.0,3.218875824868201,38334847.0,34393367.12722053,17.35337428768305,3051188,1439,47.16195789967711,3.8535875909159056,258929.86731725477,12.464312521454596,1,Alfonso Durazo Montaño,MORENA,0,0,,762.0,6.635946555686647
26,Sonora,2023,1892.0,61.39400739973016,4.117312231037041,7.545389749611823,1892.0,61.39400739973016,4.117312231037041,41,3.713572066704308,54,3.9889840465642745,78.0,4.356708826689592,28.0,3.332204510175204,42822164.0,36708697.51573029,17.418524274476653,3081734,1134,36.79746532309408,3.605428965712915,268323.8121784684,12.499949784538355,1,Alfonso Durazo Montaño,MORENA,0,0,,605.0,6.405228458030842
26,Sonora,2024,2763.0,88.79379272578626,4.486316745818243,7.924072324923417,2763.0,88.79379272578626,4.486316745818243,54,3.9889840465642745,0,,72.0,4.276666119016055,26.0,3.258096538021482,50178580.0,41003946.884576105,17.529178885512824,3111704,1129,36.28237133094922,3.5913319850444885,264342.9143646054,12.48500245731195,1,Alfonso Durazo Montaño,MORENA,0,0,,359.0,5.883322388488279
27,Tabasco,2019,1291.0,52.862692942687175,3.967697852689079,7.1631723908466425,1291.0,52.862692942687175,3.967697852689079,3,1.0986122886681098,3,1.0986122886681098,66.0,4.189654742026425,18.0,2.8903717578961645,21195610.57,22168358.124503203,16.914176520415356,2442176,565,23.13510574176472,3.141351192988877,182571.19798081712,12.114895501847638,1,Adán Augusto López Hernández,MORENA,3,1,1.0986122886681098,1106.0,7.00850518208228
27,Tabasco,2020,372.0,15.243096659672052,2.7241267225094874,5.918893854273146,372.0,15.243096659672052,2.7241267225094874,3,1.0986122886681098,3,1.0986122886681098,44.0,3.784189633918261,13.0,2.5649493574615367,19348712.98,19348712.98,16.7781364625665,2440449,509,20.85681774132547,3.037680884786864,190440.61482128903,12.157095691728411,1,Adán Augusto López Hernández,MORENA,3,1,1.0986122886681098,1337.0,7.198183577101943
27,Tabasco,2021,694.0,28.422203228582088,3.347170643541055,6.542471960506805,694.0,28.422203228582088,3.347170643541055,3,1.0986122886681098,2,0.6931471805599453,45.0,3.80666248977032,15.0,2.70805020110221,21200000.0,20285722.48748888,16.82542787082297,2441753,390,15.972131497329991,2.7708454221579424,223370.570651495,12.316587423060852,1,Adán Augusto López Hernández,MORENA,3,1,1.0986122886681098,404.0,6.001414877961151
27,Tabasco,2022,709.0,28.97196910909765,3.3663287800995154,6.563855526532128,709.0,28.97196910909765,3.3663287800995154,2,0.6931471805599453,3,1.0986122886681098,61.0,4.110873864173311,14.0,2.6390573296152584,21200000.0,19020276.332316525,16.76101614348894,2447193,291,11.891174909375762,2.4757965207388803,260615.00952315572,12.470799538035614,1,Carlos Manuel Merino Campos,MORENA,3,1,1.0986122886681098,212.0,5.356586274672012
27,Tabasco,2023,769.0,31.326546865369583,3.444465880739924,6.645090969505644,769.0,31.326546865369583,3.444465880739924,3,1.0986122886681098,9,2.19722457733622,62.0,4.127134385045092,15.0,2.70805020110221,23000000.0,19716426.354861382,16.796962671389043,2454787,234,9.532395275027936,2.254696026591981,263720.48043272184,12.482645034978654,1,Carlos Manuel Merino Campos,MORENA,3,1,1.0986122886681098,197.0,5.2832037287379885
27,Tabasco,2024,748.0,30.387295835356102,3.4140246209148124,6.617402977974478,748.0,30.387295835356102,3.4140246209148124,9,2.19722457733622,0,,62.0,4.127134385045092,15.0,2.70805020110221,23519981.0,19219596.322778348,16.771440958308663,2461555,707,28.721682026198888,3.357652308836908,245863.49482339417,12.412531761809127,1,Carlos Manuel Merino Campos,MORENA,3,1,1.0986122886681098,427.0,6.056784013228625
28,Tamaulipas,2019,6589.0,184.3081047454092,5.216608839538544,8.793156870913819,534.0,14.93709636273312,2.7038478075849195,13,2.5649493574615367,13,2.5649493574615367,86.0,4.454347296253507,47.0,3.8501476017100575,28724828.51,30043120.64385224,17.218144262415887,3574992,663,18.54549604586528,2.920226958810588,210577.68101299249,12.257609894969985,0,Francisco García Cabeza de Vaca,PAN,0,0,,743.0,6.610696044717759
28,Tamaulipas,2020,683.0,18.993479090904795,2.9440957145160183,6.52649485957079,683.0,18.993479090904795,2.9440957145160183,13,2.5649493574615367,13,2.5649493574615367,86.0,4.454347296253507,41.0,3.713572066704308,29549011.0,29549011.0,17.201560832559167,3595971,572,15.90669112737561,2.766739846325026,192270.73160489896,12.166659718250417,0,Francisco García Cabeza de Vaca,PAN,0,0,,1470.0,7.293017679772782
28,Tamaulipas,2021,593.0,16.37246841052322,2.795601168685289,6.385194398997726,593.0,16.37246841052322,2.795601168685289,13,2.5649493574615367,14,2.6390573296152584,92.0,4.5217885770490405,40.0,3.688879454113936,34375029.0,32892561.263838787,17.30875708876775,3621934,525,14.4950184072929,2.673805032279187,200177.47562490092,12.206959630167477,0,Francisco García Cabeza de Vaca,PAN,0,0,,389.0,5.963579343618446
28,Tamaulipas,2022,828.0,22.668343247995782,3.120969380595929,6.71901315438526,828.0,22.668343247995782,3.120969380595929,14,2.6390573296152584,17,2.833213344056216,90.0,4.499809670330265,42.0,3.737669618283368,34839526.0,31257425.08523237,17.257767508651064,3652671,382,10.458100387360371,2.347376834817245,205020.5370261926,12.230865433718376,0,Francisco García Cabeza de Vaca,PAN,0,0,,187.0,5.231108616854587
28,Tamaulipas,2023,927.0,25.15202458874948,3.2249383938524523,6.831953565565855,927.0,25.15202458874948,3.224938393852452,17,2.833213344056216,17,2.833213344056216,93.0,4.532599493153256,40.0,3.688879454113936,35707618.0,30609853.06976186,17.236832510836958,3685588,365,9.903440102366298,2.2928821818690883,202441.4435362824,12.21820595598962,1,Américo Villarreal Anaya,MORENA,0,0,,677.0,6.517671272912275
28,Tamaulipas,2024,755.0,20.30870304587508,3.011049515644628,6.626717749249025,755.0,20.30870304587508,3.011049515644628,17,2.833213344056216,0,,97.0,4.574710978503383,34.0,3.5263605246161616,38135736.0,31163012.053115427,17.254742438387428,3717618,331,8.903550606867086,2.1864501417726663,205705.8506280096,12.234202517764569,1,Américo Villarreal Anaya,MORENA,0,0,,1838.0,7.516433302915632
29,Tlaxcala,2019,1307.0,96.23044651810709,4.566745799470888,7.175489713624222,300.0,22.08809024899168,3.0950385605028674,4,1.3862943611198906,4,1.3862943611198906,91.0,4.51085950651685,25.0,3.218875824868201,23144104.0,24206275.36292516,17.002122470028805,1358198,147,10.823164222005923,2.3816886726254025,108877.21819646326,11.597976087737967,0,Marco Antonio Mena Rodríguez,PRI,1,1,0.0,579.0,6.361302477572996
29,Tlaxcala,2020,520.0,37.957589693054494,3.636469475757767,6.253828811575473,212.0,15.47501733639914,2.7392269388543062,4,1.3862943611198906,4,1.3862943611198906,90.0,4.499809670330265,26.0,3.258096538021482,22487162.71,22487162.71,16.928455158128994,1369950,108,7.883499397788241,2.0647718913065134,98604.50746377606,11.498872254188605,0,Marco Antonio Mena Rodríguez,PRI,1,1,0.0,461.0,6.133398042996649
29,Tlaxcala,2021,683.0,49.469990258105874,3.9013662283143073,6.52649485957079,284.0,20.570244851101123,3.023845606904723,4,1.3862943611198906,5,1.6094379124341005,77.0,4.343805421853684,24.0,3.1780538303479458,23388088.0,22379446.352875885,16.923653522064658,1380635,116,8.401930995520177,2.1284615598498817,103730.04450850516,11.549547077506135,0,Marco Antonio Mena Rodríguez,PRI,1,1,0.0,604.0,6.403574197934815
29,Tlaxcala,2022,802.0,57.490215194047394,4.051614762784349,6.687108607866515,423.0,30.322145919054925,3.411878333964113,5,1.6094379124341005,9,2.19722457733622,78.0,4.356708826689592,30.0,3.4011973816621555,25941339.0,23274124.349542435,16.9628527584881,1395020,130,9.318862812002696,2.2320406053734176,105117.9187395163,11.562838034621336,1,Lorena Cuéllar Cisneros,MORENA,1,1,0.0,244.0,5.497168225293202
29,Tlaxcala,2023,766.0,54.214927506998045,3.992956285784047,6.641182169740591,393.0,27.815230431136072,3.325583727912717,9,2.19722457733622,11,2.3978952727983707,81.0,4.394449154672439,34.0,3.5263605246161616,26205880.0,22464621.87323195,16.92745226852778,1412895,106,7.502326782952732,2.015213210155523,105601.92583312988,11.56743188714416,1,Lorena Cuéllar Cisneros,MORENA,1,1,0.0,396.0,5.981414211254481
29,Tlaxcala,2024,346.0,24.187397806496623,3.185831745726672,5.846438775057725,311.0,21.74069571624408,3.079185882848181,11,2.3978952727983707,0,,81.0,4.394449154672439,31.0,3.4339872044851463,27161897.0,22195625.740551583,16.915405788713937,1430497,128,8.947939072923607,2.191423234588565,105916.10398344071,11.57040258786066,1,Lorena Cuéllar Cisneros,MORENA,1,1,0.0,514.0,6.2422232654551655
30,Veracruz,2019,10736.0,131.11739721219206,4.876093083812927,9.281357859211465,1339.0,16.35303603456829,2.7944135702926367,49,3.8918202981106265,49,3.8918202981106265,175.0,5.1647859739235145,93.0,4.532599493153256,64177785.35,67123149.13399991,18.02203953699043,8188082,1432,17.488833160195515,2.8615625721220552,128641.60398002857,11.76478555308528,1,Cuitláhuac García Jiménez,MORENA,4,1,1.3862943611198906,417.0,6.0330862217988015
30,Veracruz,2020,7423.0,90.86472295562636,4.509371839561718,8.912338567117548,898.0,10.992391380055569,2.3972033407463704,49,3.8918202981106265,43,3.7612001156935615,177.0,5.176149732573829,95.0,4.553876891600541,64094806.52,64094806.52,17.975873897079616,8169287,1294,15.839815641193656,2.7625267475050164,118890.6790763992,11.68595968664046,1,Cuitláhuac García Jiménez,MORENA,4,1,1.3862943611198906,521.0,6.255750041753367
30,Veracruz,2021,9510.0,116.74177749974712,4.759964465801129,9.160099155539436,1159.0,14.22752051758222,2.6551781536014447,43,3.7612001156935615,40,3.688879454113936,179.0,5.187385805840755,97.0,4.574710978503383,64809322.7,62014336.55161856,17.94287615098227,8146184,1107,13.589184825680343,2.60927424297033,126181.2932288296,11.745474986951606,1,Cuitláhuac García Jiménez,MORENA,4,1,1.3862943611198906,304.0,5.717027701406222
30,Veracruz,2022,9175.0,112.80876866554787,4.725694072439342,9.12423767292277,1398.0,17.188736631546153,2.844254322310327,40,3.688879454113936,44,3.784189633918261,155.0,5.043425116919247,84.0,4.430816798843313,68442369.0,61405319.397093125,17.933007024496575,8133233,855,10.512424763928442,2.352557868453332,128113.64017236442,11.760672962874745,1,Cuitláhuac García Jiménez,MORENA,4,1,1.3862943611198906,418.0,6.035481432524756
30,Veracruz,2023,8561.0,105.2808407316459,4.65663145321805,9.054972284742483,1206.0,14.831058745749909,2.696723545762695,44,3.784189633918261,48,3.871201010907891,164.0,5.099866427824199,91.0,4.51085950651685,71467951.0,61264895.33149314,17.930717566909042,8131584,828,10.182517944843218,2.320672322860824,130632.4402478041,11.780142858913983,1,Cuitláhuac García Jiménez,MORENA,4,1,1.3862943611198906,441.0,6.089044875446846
30,Veracruz,2024,8377.0,103.06694602316244,4.635378738486139,9.033245134153807,991.0,12.192830787746685,2.5008481386623176,48,3.871201010907891,0,,163.0,5.093750200806762,89.0,4.48863636973214,76690029.0,62668052.29826354,17.953362343024168,8127727,770,9.4737433971392,2.248524119180059,134702.13431135175,11.810821207197586,1,Cuitláhuac García Jiménez,MORENA,4,1,1.3862943611198906,445.0,6.09807428216624
31,Yucatan,2019,446.0,19.16757705494906,2.9532201565262577,6.100318952020064,446.0,19.16757705494906,2.9532201565262577,28,3.332204510175204,28,3.332204510175204,123.0,4.812184355372417,33.0,3.49650756146648,37531690.51,39254163.19081287,17.485568065123562,2326846,33,1.4182287955455584,0.3494087659726738,157219.5817858165,11.96539871728707,0,Mauricio Vila Dosal,PAN,2,1,0.6931471805599453,951.0,6.85751406254539
31,Yucatan,2020,320.0,13.541402626947477,2.6057518534739725,5.768320995793772,320.0,13.541402626947477,2.605751853473972,28,3.332204510175204,22,3.091042453358316,122.0,4.804021044733257,31.0,3.4339872044851463,36971398.62,36971398.62,17.42565516141173,2363123,52,2.200477926878965,0.7886745762616275,141138.7388637832,11.857498649158398,0,Mauricio Vila Dosal,PAN,2,1,0.6931471805599453,1056.0,6.962243464266207
31,Yucatan,2021,338.0,14.13751536095419,2.6488319279812904,5.823045895483019,338.0,14.13751536095419,2.6488319279812904,22,3.091042453358316,20,2.995732273553991,120.0,4.787491742782046,29.0,3.367295829986474,36390506.06,34821118.26002087,17.365734607240118,2390802,42,1.7567326779883905,0.5634556507816401,150016.53671027542,11.918500811737058,0,Mauricio Vila Dosal,PAN,2,1,0.6931471805599453,154.0,5.0369526024136295
31,Yucatan,2022,305.0,12.601217732103068,2.533793454692572,5.720311776607412,305.0,12.601217732103068,2.533793454692572,20,2.995732273553991,21,3.044522437723423,117.0,4.762173934797756,22.0,3.091042453358316,36796086.0,33012817.154136013,17.312406442633723,2420401,39,1.6113032509902283,0.4770433242148063,152471.9532011431,11.934735944680329,0,Mauricio Vila Dosal,PAN,2,1,0.6931471805599453,243.0,5.493061443340548
31,Yucatan,2023,293.0,11.947587199037017,2.480529349960974,5.680172609017068,293.0,11.947587199037017,2.480529349960974,21,3.044522437723423,24,3.1780538303479458,116.0,4.7535901911063645,25.0,3.218875824868201,36796192.0,31543017.813362595,17.266862817019664,2452378,34,1.3864094360657289,0.3267172655600681,158107.48057599604,11.971030337549417,0,Mauricio Vila Dosal,PAN,2,1,0.6931471805599453,622.0,6.432940092739179
31,Yucatan,2024,234.0,9.422565837158734,2.243107433363051,5.455321115357702,234.0,9.422565837158734,2.243107433363051,24,3.1780538303479458,0,,111.0,4.709530201312334,28.0,3.332204510175204,37705580.0,30811505.61797753,17.243398737213248,2483400,44,1.7717645163888218,0.5719759519236108,162191.24828863653,11.996531462910818,0,Mauricio Vila Dosal,PAN,2,1,0.6931471805599453,815.0,6.703188113240863
32,Zacatecas,2019,658.0,40.12263624013093,3.6919406698116446,6.489204931325317,534.0,32.56153153834334,3.483131577446522,0,,0,,91.0,4.51085950651685,33.0,3.49650756146648,39509382.0,41322618.4997699,17.53692057145106,1639972,510,31.09809191864252,3.4371464642046985,133994.08465510386,11.80555093359376,0,Alejandro Tello Cristerna,PRI,0,0,,485.0,6.184148890937483
32,Zacatecas,2020,547.0,33.21113416933914,3.502885186246012,6.304448802421981,450.0,27.321773996714104,3.3076839665883964,0,,0,,90.0,4.499809670330265,31.0,3.4339872044851463,39165637.0,39165637.0,17.483310313173103,1647038,789,47.90417707423872,3.869202704669905,127892.04924233686,11.758941821774922,0,Alejandro Tello Cristerna,PRI,0,0,,724.0,6.584791392385716
32,Zacatecas,2021,645.0,38.96332192221471,3.662620740083395,6.4692503167957724,495.0,29.90208426588571,3.397928185856313,0,,0,,91.0,4.51085950651685,30.0,3.4011973816621555,42297111.0,40472993.19662798,17.51614547499249,1655403,1134,68.50295668184725,4.22687690757532,133860.02139660253,11.80454991649776,0,Alejandro Tello Cristerna,PRI,0,0,,372.0,5.918893854273146
32,Zacatecas,2022,732.0,43.89628722564071,3.78182974305677,6.595780513961311,503.0,30.16370556625311,3.406639399195198,0,,0,,47.0,3.8501476017100575,15.0,2.70805020110221,35842587.0,32157354.207787547,17.28615172923236,1667567,981,58.82822099501849,4.074621688660821,134935.11744955374,11.812549330405062,1,David Monreal Ávila,MORENA,0,0,,843.0,6.736966958001855
32,Zacatecas,2023,780.0,46.34545306542493,3.836123187208913,6.659293919683638,604.0,35.88801750194443,3.580403465460091,0,,0,,70.0,4.248495242049359,18.0,2.8903717578961645,44754824.0,38365443.10525143,17.462667693253554,1683013,709,42.12682849152086,3.7406847940574033,136241.08607598397,11.822181287089762,1,David Monreal Ávila,MORENA,0,0,,321.0,5.771441123130016
32,Zacatecas,2024,833.0,49.05043538885866,3.8928490624013072,6.725033642166843,751.0,44.221941148898985,3.7892210719986,0,,0,,70.0,4.248495242049359,18.0,2.8903717578961645,49925856.0,40797430.84780388,17.52412966797516,1698252,369,21.728224079818546,3.078612064274992,141623.13720225266,11.8609248452147,1,David Monreal Ávila,MORENA,0,0,,443.0,6.093569770045136
